2007_007881.jpg,_0.jpg
2008_006275.jpg,_1.jpg
2007_002470.jpg,_10.jpg
2007_009654.jpg,_100.jpg
2011_000953.jpg,_1000.jpg
2010_002396.jpg,_1001.jpg
2010_002390.jpg,_1002.jpg
2009_003241.jpg,_1003.jpg
2011_002879.jpg,_1004.jpg
2011_002178.jpg,_1005.jpg
2009_004592.jpg,_1006.jpg
2009_004590.jpg,_1007.jpg
2009_004594.jpg,_1008.jpg
2007_000663.jpg,_1009.jpg
2008_007497.jpg,_101.jpg
2007_000661.jpg,_1010.jpg
2010_001331.jpg,_1011.jpg
2008_000782.jpg,_1012.jpg
2007_009088.jpg,_1013.jpg
2009_002535.jpg,_1014.jpg
2007_009084.jpg,_1015.jpg
2009_002539.jpg,_1016.jpg
2009_003804.jpg,_1017.jpg
2009_003806.jpg,_1018.jpg
2008_000149.jpg,_1019.jpg
2007_006560.jpg,_102.jpg
2008_004621.jpg,_1020.jpg
2011_000888.jpg,_1021.jpg
2008_008335.jpg,_1022.jpg
2010_001061.jpg,_1023.jpg
2010_004520.jpg,_1024.jpg
2009_005156.jpg,_1025.jpg
2010_001069.jpg,_1026.jpg
2010_004529.jpg,_1027.jpg
2010_002868.jpg,_1028.jpg
2009_002753.jpg,_1029.jpg
2009_000156.jpg,_103.jpg
2007_000862.jpg,_1030.jpg
2007_006761.jpg,_1031.jpg
2009_003938.jpg,_1032.jpg
2011_002812.jpg,_1033.jpg
2010_001448.jpg,_1034.jpg
2007_000464.jpg,_1035.jpg
2008_005262.jpg,_1036.jpg
2010_005727.jpg,_1037.jpg
2010_004149.jpg,_1038.jpg
2009_000704.jpg,_1039.jpg
2007_003714.jpg,_104.jpg
2009_000705.jpg,_1040.jpg
2008_005445.jpg,_1041.jpg
2009_000879.jpg,_1042.jpg
2007_003169.jpg,_1043.jpg
2011_001910.jpg,_1044.jpg
2008_005049.jpg,_1045.jpg
2010_005922.jpg,_1046.jpg
2009_005089.jpg,_1047.jpg
2007_003011.jpg,_1048.jpg
2008_000763.jpg,_1049.jpg
2008_007498.jpg,_105.jpg
2010_000003.jpg,_1050.jpg
2008_000765.jpg,_1051.jpg
2009_002035.jpg,_1052.jpg
2009_000675.jpg,_1053.jpg
2009_001278.jpg,_1054.jpg
2010_000628.jpg,_1055.jpg
2011_001868.jpg,_1056.jpg
2011_001863.jpg,_1057.jpg
2011_001862.jpg,_1058.jpg
2011_002589.jpg,_1059.jpg
2008_004612.jpg,_106.jpg
2008_005680.jpg,_1060.jpg
2007_008260.jpg,_1061.jpg
2008_006408.jpg,_1062.jpg
2007_006086.jpg,_1063.jpg
2007_003587.jpg,_1064.jpg
2009_000457.jpg,_1065.jpg
2007_005626.jpg,_1066.jpg
2009_000455.jpg,_1067.jpg
2007_007849.jpg,_1068.jpg
2010_000530.jpg,_1069.jpg
2008_006143.jpg,_107.jpg
2007_003742.jpg,_1070.jpg
2010_004856.jpg,_1071.jpg
2010_004857.jpg,_1072.jpg
2007_003349.jpg,_1073.jpg
2011_001782.jpg,_1074.jpg
2008_000811.jpg,_1075.jpg
2010_000330.jpg,_1076.jpg
2007_005759.jpg,_1077.jpg
2011_000185.jpg,_1079.jpg
2007_003711.jpg,_108.jpg
2010_000738.jpg,_1080.jpg
2009_004021.jpg,_1081.jpg
2009_001505.jpg,_1082.jpg
2011_000435.jpg,_1083.jpg
2011_000436.jpg,_1084.jpg
2011_000438.jpg,_1085.jpg
2011_000618.jpg,_1086.jpg
2007_005281.jpg,_1087.jpg
2008_003546.jpg,_1088.jpg
2009_004568.jpg,_1089.jpg
2007_006364.jpg,_109.jpg
2011_000051.jpg,_1090.jpg
2011_000054.jpg,_1091.jpg
2009_003123.jpg,_1092.jpg
2008_001966.jpg,_1093.jpg
2011_001674.jpg,_1094.jpg
2007_004712.jpg,_1095.jpg
2011_001589.jpg,_1096.jpg
2007_004483.jpg,_1097.jpg
2007_005173.jpg,_1098.jpg
2011_001276.jpg,_1099.jpg
2008_007392.jpg,_11.jpg
2009_001314.jpg,_110.jpg
2010_003381.jpg,_1100.jpg
2009_002638.jpg,_1101.jpg
2009_002635.jpg,_1102.jpg
2007_001585.jpg,_1103.jpg
2009_004748.jpg,_1104.jpg
2007_001299.jpg,_1105.jpg
2007_004392.jpg,_1106.jpg
2010_002251.jpg,_1107.jpg
2010_002701.jpg,_1108.jpg
2009_004581.jpg,_1109.jpg
2010_003915.jpg,_111.jpg
2007_000676.jpg,_1110.jpg
2009_002521.jpg,_1111.jpg
2011_003182.jpg,_1112.jpg
2008_000795.jpg,_1113.jpg
2009_002295.jpg,_1114.jpg
2009_003343.jpg,_1115.jpg
2007_009320.jpg,_1116.jpg
2007_009323.jpg,_1117.jpg
2011_000239.jpg,_1118.jpg
2010_005159.jpg,_1119.jpg
2008_007811.jpg,_112.jpg
2008_008301.jpg,_1120.jpg
2007_001586.jpg,_1121.jpg
2009_004635.jpg,_1122.jpg
2010_001017.jpg,_1123.jpg
2010_001016.jpg,_1124.jpg
2010_005021.jpg,_1125.jpg
2010_001011.jpg,_1126.jpg
2010_001010.jpg,_1127.jpg
2008_001170.jpg,_1128.jpg
2011_002575.jpg,_1129.jpg
2008_007814.jpg,_113.jpg
2009_002749.jpg,_1130.jpg
2011_002578.jpg,_1131.jpg
2009_003904.jpg,_1132.jpg
2009_003903.jpg,_1133.jpg
2009_000845.jpg,_1134.jpg
2009_000840.jpg,_1135.jpg
2009_001644.jpg,_1136.jpg
2010_001646.jpg,_1137.jpg
2010_001124.jpg,_1138.jpg
2008_007994.jpg,_1139.jpg
2008_002273.jpg,_114.jpg
2007_000491.jpg,_1140.jpg
2009_001082.jpg,_1141.jpg
2010_000836.jpg,_1142.jpg
2008_000573.jpg,_1143.jpg
2011_002975.jpg,_1144.jpg
2010_004519.jpg,_1145.jpg
2007_008051.jpg,_1146.jpg
2009_004969.jpg,_1147.jpg
2008_001682.jpg,_1148.jpg
2010_004042.jpg,_1149.jpg
2008_001260.jpg,_115.jpg
2010_004041.jpg,_1150.jpg
2008_001688.jpg,_1151.jpg
2007_008670.jpg,_1152.jpg
2010_004994.jpg,_1153.jpg
2009_005219.jpg,_1154.jpg
2008_003238.jpg,_1155.jpg
2008_008252.jpg,_1156.jpg
2009_005217.jpg,_1157.jpg
2010_000639.jpg,_1158.jpg
2009_005189.jpg,_1159.jpg
2010_004825.jpg,_116.jpg
2008_005691.jpg,_1160.jpg
2007_003917.jpg,_1161.jpg
2011_002592.jpg,_1162.jpg
2008_006341.jpg,_1163.jpg
2009_000935.jpg,_1164.jpg
2009_000931.jpg,_1165.jpg
2008_004654.jpg,_1166.jpg
2010_004861.jpg,_1167.jpg
2008_004659.jpg,_1168.jpg
2009_002990.jpg,_1169.jpg
2007_002719.jpg,_117.jpg
2011_000338.jpg,_1170.jpg
2007_000452.jpg,_1171.jpg
2007_002400.jpg,_1172.jpg
2007_009938.jpg,_1173.jpg
2009_000712.jpg,_1174.jpg
2011_001110.jpg,_1175.jpg
2009_000022.jpg,_1176.jpg
2009_004033.jpg,_1177.jpg
2007_002539.jpg,_1178.jpg
2008_007219.jpg,_1179.jpg
2007_003621.jpg,_118.jpg
2011_000607.jpg,_1180.jpg
2007_005813.jpg,_1181.jpg
2011_002371.jpg,_1182.jpg
2007_005547.jpg,_1183.jpg
2008_004279.jpg,_1184.jpg
2009_003299.jpg,_1185.jpg
2011_001114.jpg,_1186.jpg
2008_004477.jpg,_1187.jpg
2009_000335.jpg,_1188.jpg
2011_001064.jpg,_1189.jpg
2008_003369.jpg,_119.jpg
2007_004969.jpg,_1190.jpg
2011_000512.jpg,_1191.jpg
2011_000045.jpg,_1192.jpg
2008_001992.jpg,_1193.jpg
2009_003640.jpg,_1194.jpg
2011_001642.jpg,_1195.jpg
2007_005149.jpg,_1196.jpg
2009_003005.jpg,_1197.jpg
2009_003003.jpg,_1198.jpg
2009_002604.jpg,_1199.jpg
2007_006117.jpg,_12.jpg
2009_003481.jpg,_120.jpg
2009_003224.jpg,_1200.jpg
2008_000016.jpg,_1201.jpg
2007_004143.jpg,_1202.jpg
2007_001284.jpg,_1203.jpg
2008_001514.jpg,_1204.jpg
2008_001513.jpg,_1205.jpg
2008_008221.jpg,_1206.jpg
2007_004380.jpg,_1207.jpg
2007_001288.jpg,_1208.jpg
2007_001289.jpg,_1209.jpg
2009_000573.jpg,_121.jpg
2008_003846.jpg,_1210.jpg
2011_001489.jpg,_1211.jpg
2010_001264.jpg,_1212.jpg
2010_005582.jpg,_1213.jpg
2011_002379.jpg,_1214.jpg
2007_004033.jpg,_1215.jpg
2007_009331.jpg,_1216.jpg
2010_001000.jpg,_1217.jpg
2009_002771.jpg,_1218.jpg
2007_000804.jpg,_1219.jpg
2009_004070.jpg,_122.jpg
2008_005197.jpg,_1220.jpg
2009_002171.jpg,_1221.jpg
2007_008110.jpg,_1222.jpg
2009_001816.jpg,_1223.jpg
2010_004472.jpg,_1224.jpg
2008_003330.jpg,_1225.jpg
2008_003333.jpg,_1226.jpg
2008_005422.jpg,_1227.jpg
2008_004910.jpg,_1228.jpg
2009_001854.jpg,_1229.jpg
2009_004072.jpg,_123.jpg
2010_004479.jpg,_1230.jpg
2009_001851.jpg,_1231.jpg
2009_001850.jpg,_1232.jpg
2009_004217.jpg,_1233.jpg
2008_000589.jpg,_1234.jpg
2010_004056.jpg,_1235.jpg
2007_003611.jpg,_1236.jpg
2008_005738.jpg,_1237.jpg
2009_000619.jpg,_1238.jpg
2007_008645.jpg,_1239.jpg
2009_003323.jpg,_124.jpg
2010_004980.jpg,_1240.jpg
2009_001215.jpg,_1241.jpg
2010_001734.jpg,_1242.jpg
2007_009392.jpg,_1243.jpg
2009_005190.jpg,_1244.jpg
2010_003302.jpg,_1245.jpg
2010_000284.jpg,_1246.jpg
2007_003106.jpg,_1247.jpg
2007_007130.jpg,_1248.jpg
2007_003101.jpg,_1249.jpg
2007_005857.jpg,_125.jpg
2007_005600.jpg,_1250.jpg
2007_005978.jpg,_1251.jpg
2007_006553.jpg,_1252.jpg
2007_005608.jpg,_1253.jpg
2008_003110.jpg,_1254.jpg
2008_002429.jpg,_1255.jpg
2009_002982.jpg,_1256.jpg
2008_007350.jpg,_1257.jpg
2008_001231.jpg,_1258.jpg
2011_001060.jpg,_1259.jpg
2008_007031.jpg,_126.jpg
2007_002412.jpg,_1260.jpg
2007_001430.jpg,_1261.jpg
2007_006171.jpg,_1262.jpg
2008_002521.jpg,_1263.jpg
2009_000037.jpg,_1264.jpg
2009_000032.jpg,_1265.jpg
2011_000456.jpg,_1266.jpg
2011_000455.jpg,_1267.jpg
2009_000039.jpg,_1268.jpg
2011_000291.jpg,_1269.jpg
2007_002284.jpg,_127.jpg
2011_002343.jpg,_1270.jpg
2009_002012.jpg,_1271.jpg
2007_005803.jpg,_1272.jpg
2008_006553.jpg,_1273.jpg
2007_004558.jpg,_1274.jpg
2010_003708.jpg,_1275.jpg
2011_001071.jpg,_1276.jpg
2011_000070.jpg,_1277.jpg
2009_003105.jpg,_1278.jpg
2010_000256.jpg,_1279.jpg
2011_000481.jpg,_128.jpg
2008_000345.jpg,_1280.jpg
2008_003451.jpg,_1281.jpg
2011_002295.jpg,_1282.jpg
2008_003926.jpg,_1283.jpg
2011_002298.jpg,_1284.jpg
2010_003418.jpg,_1285.jpg
2009_002346.jpg,_1286.jpg
2009_003217.jpg,_1287.jpg
2009_003589.jpg,_1288.jpg
2011_002121.jpg,_1289.jpg
2011_000482.jpg,_129.jpg
2011_002124.jpg,_1290.jpg
2008_000009.jpg,_1291.jpg
2008_001504.jpg,_1292.jpg
2007_008802.jpg,_1293.jpg
2010_002271.jpg,_1294.jpg
2010_003675.jpg,_1295.jpg
2008_002859.jpg,_1296.jpg
2010_006026.jpg,_1297.jpg
2008_003856.jpg,_1298.jpg
2009_000440.jpg,_1299.jpg
2007_009841.jpg,_13.jpg
2007_002046.jpg,_130.jpg
2008_003858.jpg,_1300.jpg
2010_001256.jpg,_1301.jpg
2010_001251.jpg,_1302.jpg
2007_001321.jpg,_1303.jpg
2009_000446.jpg,_1304.jpg
2008_001439.jpg,_1305.jpg
2008_004101.jpg,_1306.jpg
2009_003696.jpg,_1307.jpg
2008_008362.jpg,_1308.jpg
2009_002185.jpg,_1309.jpg
2007_006035.jpg,_131.jpg
2009_004653.jpg,_1310.jpg
2007_001677.jpg,_1311.jpg
2010_005046.jpg,_1312.jpg
2008_008103.jpg,_1313.jpg
2008_002835.jpg,_1314.jpg
2010_003014.jpg,_1315.jpg
2009_002164.jpg,_1316.jpg
2009_004043.jpg,_1317.jpg
2011_002754.jpg,_1318.jpg
2007_008106.jpg,_1319.jpg
2008_003709.jpg,_132.jpg
2007_009458.jpg,_1320.jpg
2008_005217.jpg,_1321.jpg
2008_003026.jpg,_1323.jpg
2010_002106.jpg,_1324.jpg
2007_000727.jpg,_1325.jpg
2010_001104.jpg,_1326.jpg
2008_005439.jpg,_1327.jpg
2008_006981.jpg,_1328.jpg
2009_001991.jpg,_1329.jpg
2007_002445.jpg,_133.jpg
2008_006986.jpg,_1330.jpg
2010_004063.jpg,_1331.jpg
2008_004854.jpg,_1332.jpg
2010_000038.jpg,_1333.jpg
2010_001036.jpg,_1334.jpg
2009_000628.jpg,_1335.jpg
2010_000342.jpg,_1336.jpg
2007_009706.jpg,_1337.jpg
2010_004314.jpg,_1338.jpg
2008_007737.jpg,_1339.jpg
2008_007143.jpg,_134.jpg
2009_005231.jpg,_1340.jpg
2011_003240.jpg,_1341.jpg
2011_001812.jpg,_1342.jpg
2007_008256.jpg,_1343.jpg
2011_003085.jpg,_1344.jpg
2007_006946.jpg,_1345.jpg
2009_000828.jpg,_1346.jpg
2009_000825.jpg,_1347.jpg
2011_002535.jpg,_1348.jpg
2007_003110.jpg,_1349.jpg
2008_001885.jpg,_135.jpg
2007_007414.jpg,_1350.jpg
2007_007417.jpg,_1351.jpg
2007_002643.jpg,_1352.jpg
2009_000487.jpg,_1353.jpg
2007_002648.jpg,_1355.jpg
2009_000488.jpg,_1356.jpg
2010_000502.jpg,_1357.jpg
2009_000136.jpg,_1358.jpg
2008_003108.jpg,_1359.jpg
2007_005107.jpg,_136.jpg
2009_001332.jpg,_1360.jpg
2008_003105.jpg,_1361.jpg
2009_002975.jpg,_1362.jpg
2009_001683.jpg,_1363.jpg
2009_001684.jpg,_1364.jpg
2009_001687.jpg,_1365.jpg
2007_007498.jpg,_1366.jpg
2008_001249.jpg,_1367.jpg
2010_001995.jpg,_1368.jpg
2007_004510.jpg,_1369.jpg
2011_001287.jpg,_137.jpg
2007_005705.jpg,_1370.jpg
2008_002536.jpg,_1371.jpg
2009_001536.jpg,_1372.jpg
2009_001535.jpg,_1373.jpg
2009_002887.jpg,_1374.jpg
2008_007120.jpg,_1375.jpg
2011_000283.jpg,_1376.jpg
2009_002888.jpg,_1377.jpg
2007_002268.jpg,_1378.jpg
2011_000661.jpg,_1379.jpg
2011_001281.jpg,_138.jpg
2007_002260.jpg,_1380.jpg
2011_000669.jpg,_1381.jpg
2011_002358.jpg,_1382.jpg
2007_002266.jpg,_1383.jpg
2008_000911.jpg,_1384.jpg
2011_002110.jpg,_1385.jpg
2008_000919.jpg,_1386.jpg
2010_003716.jpg,_1387.jpg
2008_002623.jpg,_1388.jpg
2009_000318.jpg,_1389.jpg
2009_000201.jpg,_139.jpg
2011_001005.jpg,_1390.jpg
2008_004453.jpg,_1391.jpg
2011_000066.jpg,_1392.jpg
2011_001624.jpg,_1393.jpg
2007_004722.jpg,_1394.jpg
2008_003461.jpg,_1395.jpg
2008_000359.jpg,_1396.jpg
2010_003409.jpg,_1397.jpg
2009_004247.jpg,_1398.jpg
2010_003402.jpg,_1399.jpg
2008_002504.jpg,_14.jpg
2009_000205.jpg,_140.jpg
2009_004248.jpg,_1400.jpg
2011_001713.jpg,_1401.jpg
2011_001714.jpg,_1402.jpg
2009_002372.jpg,_1403.jpg
2009_003756.jpg,_1404.jpg
2011_001530.jpg,_1405.jpg
2011_001534.jpg,_1406.jpg
2008_004069.jpg,_1407.jpg
2008_001531.jpg,_1408.jpg
2007_008815.jpg,_1409.jpg
2011_002863.jpg,_141.jpg
2009_004799.jpg,_1410.jpg
2009_005220.jpg,_1411.jpg
2010_006034.jpg,_1412.jpg
2010_003060.jpg,_1413.jpg
2007_007084.jpg,_1414.jpg
2007_001717.jpg,_1415.jpg
2009_001607.jpg,_1416.jpg
2009_002573.jpg,_1417.jpg
2009_002571.jpg,_1418.jpg
2011_000843.jpg,_1419.jpg
2007_004856.jpg,_142.jpg
2008_000107.jpg,_1420.jpg
2009_003378.jpg,_1421.jpg
2011_002623.jpg,_1422.jpg
2007_004052.jpg,_1423.jpg
2008_001404.jpg,_1424.jpg
2010_002623.jpg,_1425.jpg
2010_005108.jpg,_1426.jpg
2009_002155.jpg,_1427.jpg
2009_002150.jpg,_1428.jpg
2007_007624.jpg,_1429.jpg
2007_004189.jpg,_143.jpg
2009_003971.jpg,_1430.jpg
2007_009446.jpg,_1431.jpg
2007_000629.jpg,_1432.jpg
2010_002137.jpg,_1433.jpg
2010_001246.jpg,_1434.jpg
2009_002082.jpg,_1435.jpg
2009_004801.jpg,_1436.jpg
2010_004419.jpg,_1437.jpg
2011_002929.jpg,_1438.jpg
2008_005089.jpg,_1439.jpg
2009_003773.jpg,_144.jpg
2008_000725.jpg,_1440.jpg
2010_001024.jpg,_1441.jpg
2009_001941.jpg,_1442.jpg
2010_000372.jpg,_1443.jpg
2007_000123.jpg,_1444.jpg
2010_001752.jpg,_1445.jpg
2011_003256.jpg,_1446.jpg
2008_006752.jpg,_1447.jpg
2009_000839.jpg,_1448.jpg
2009_003771.jpg,_145.jpg
2009_003576.jpg,_146.jpg
2011_002391.jpg,_147.jpg
2010_002025.jpg,_148.jpg
2010_000929.jpg,_149.jpg
2009_000012.jpg,_15.jpg
2010_003514.jpg,_150.jpg
2008_002864.jpg,_151.jpg
2011_001601.jpg,_152.jpg
2011_001350.jpg,_153.jpg
2011_001607.jpg,_154.jpg
2009_002221.jpg,_155.jpg
2007_004241.jpg,_156.jpg
2010_002939.jpg,_157.jpg
2008_000120.jpg,_158.jpg
2008_000123.jpg,_159.jpg
2009_000013.jpg,_16.jpg
2009_003311.jpg,_160.jpg
2010_001913.jpg,_161.jpg
2008_005637.jpg,_162.jpg
2011_002644.jpg,_163.jpg
2009_004687.jpg,_164.jpg
2011_002641.jpg,_165.jpg
2007_004275.jpg,_166.jpg
2010_002336.jpg,_167.jpg
2009_002317.jpg,_168.jpg
2010_002480.jpg,_169.jpg
2008_003003.jpg,_17.jpg
2010_005871.jpg,_170.jpg
2010_001351.jpg,_171.jpg
2010_005305.jpg,_172.jpg
2010_004783.jpg,_173.jpg
2010_004789.jpg,_174.jpg
2009_003406.jpg,_175.jpg
2008_000630.jpg,_176.jpg
2010_005788.jpg,_177.jpg
2010_002150.jpg,_178.jpg
2007_001733.jpg,_179.jpg
2011_000479.jpg,_18.jpg
2010_001174.jpg,_180.jpg
2010_000174.jpg,_181.jpg
2008_008629.jpg,_182.jpg
2007_000175.jpg,_183.jpg
2007_000999.jpg,_184.jpg
2008_002043.jpg,_185.jpg
2009_002042.jpg,_186.jpg
2010_005644.jpg,_187.jpg
2008_000700.jpg,_188.jpg
2011_003114.jpg,_189.jpg
2007_002094.jpg,_19.jpg
2008_005399.jpg,_190.jpg
2008_005398.jpg,_191.jpg
2010_004322.jpg,_192.jpg
2010_004320.jpg,_193.jpg
2010_001773.jpg,_194.jpg
2010_000318.jpg,_195.jpg
2010_000087.jpg,_196.jpg
2010_001579.jpg,_197.jpg
2010_000084.jpg,_198.jpg
2010_000083.jpg,_199.jpg
2007_006373.jpg,_2.jpg
2007_004538.jpg,_20.jpg
2011_003271.jpg,_200.jpg
2010_001577.jpg,_201.jpg
2010_005899.jpg,_202.jpg
2009_001818.jpg,_203.jpg
2009_004867.jpg,_204.jpg
2011_003197.jpg,_205.jpg
2010_004432.jpg,_206.jpg
2010_000952.jpg,_207.jpg
2010_000559.jpg,_208.jpg
2008_007527.jpg,_209.jpg
2008_007025.jpg,_21.jpg
2009_000149.jpg,_210.jpg
2008_006159.jpg,_211.jpg
2009_001363.jpg,_212.jpg
2008_002467.jpg,_213.jpg
2008_002464.jpg,_214.jpg
2007_007195.jpg,_215.jpg
2007_007196.jpg,_216.jpg
2008_002269.jpg,_217.jpg
2008_006554.jpg,_218.jpg
2008_007828.jpg,_219.jpg
2007_005828.jpg,_22.jpg
2008_001078.jpg,_220.jpg
2008_006036.jpg,_221.jpg
2008_001070.jpg,_222.jpg
2007_003872.jpg,_223.jpg
2008_001074.jpg,_224.jpg
2008_001076.jpg,_225.jpg
2007_007996.jpg,_226.jpg
2010_000427.jpg,_227.jpg
2010_000426.jpg,_228.jpg
2009_001565.jpg,_229.jpg
2007_006028.jpg,_23.jpg
2010_000422.jpg,_230.jpg
2009_001768.jpg,_231.jpg
2009_004497.jpg,_232.jpg
2009_001765.jpg,_233.jpg
2009_000964.jpg,_234.jpg
2007_005844.jpg,_235.jpg
2007_005845.jpg,_236.jpg
2008_007048.jpg,_237.jpg
2009_005087.jpg,_238.jpg
2007_003503.jpg,_239.jpg
2009_004324.jpg,_24.jpg
2007_003506.jpg,_240.jpg
2009_000924.jpg,_241.jpg
2008_003733.jpg,_242.jpg
2010_002147.jpg,_243.jpg
2007_002903.jpg,_244.jpg
2011_000747.jpg,_245.jpg
2010_003854.jpg,_246.jpg
2007_000346.jpg,_247.jpg
2011_002098.jpg,_248.jpg
2011_001292.jpg,_249.jpg
2008_002152.jpg,_25.jpg
2007_005114.jpg,_250.jpg
2008_001895.jpg,_251.jpg
2007_004468.jpg,_252.jpg
2007_006647.jpg,_253.jpg
2009_000219.jpg,_254.jpg
2010_003453.jpg,_255.jpg
2010_003325.jpg,_256.jpg
2011_001722.jpg,_257.jpg
2008_004552.jpg,_258.jpg
2011_001726.jpg,_259.jpg
2010_003275.jpg,_26.jpg
2007_004866.jpg,_260.jpg
2007_004649.jpg,_261.jpg
2007_004644.jpg,_262.jpg
2009_003542.jpg,_263.jpg
2009_005158.jpg,_264.jpg
2009_003549.jpg,_265.jpg
2010_002030.jpg,_266.jpg
2010_003772.jpg,_267.jpg
2008_000254.jpg,_268.jpg
2010_000622.jpg,_269.jpg
2010_003276.jpg,_27.jpg
2011_001619.jpg,_270.jpg
2011_001341.jpg,_271.jpg
2011_001614.jpg,_272.jpg
2011_001613.jpg,_273.jpg
2011_001346.jpg,_274.jpg
2009_002238.jpg,_275.jpg
2009_002239.jpg,_276.jpg
2009_003895.jpg,_277.jpg
2011_000813.jpg,_278.jpg
2007_001587.jpg,_279.jpg
2011_001014.jpg,_28.jpg
2009_002549.jpg,_280.jpg
2010_001966.jpg,_281.jpg
2011_002675.jpg,_282.jpg
2010_001962.jpg,_283.jpg
2008_004140.jpg,_284.jpg
2008_001478.jpg,_285.jpg
2011_002075.jpg,_286.jpg
2008_002929.jpg,_287.jpg
2009_004455.jpg,_288.jpg
2010_001367.jpg,_289.jpg
2009_000309.jpg,_29.jpg
2009_005302.jpg,_290.jpg
2010_005860.jpg,_291.jpg
2008_008434.jpg,_292.jpg
2008_001715.jpg,_293.jpg
2011_002713.jpg,_294.jpg
2009_002122.jpg,_295.jpg
2009_003433.jpg,_296.jpg
2007_000187.jpg,_297.jpg
2010_002146.jpg,_298.jpg
2010_002929.jpg,_299.jpg
2010_000573.jpg,_3.jpg
2007_002387.jpg,_30.jpg
2007_009251.jpg,_300.jpg
2010_002142.jpg,_301.jpg
2007_009252.jpg,_302.jpg
2010_002921.jpg,_303.jpg
2007_009258.jpg,_304.jpg
2010_000160.jpg,_305.jpg
2010_000163.jpg,_306.jpg
2007_007341.jpg,_307.jpg
2008_005544.jpg,_308.jpg
2007_007748.jpg,_309.jpg
2007_004281.jpg,_31.jpg
2011_003103.jpg,_310.jpg
2010_004226.jpg,_311.jpg
2008_007596.jpg,_312.jpg
2010_004355.jpg,_313.jpg
2007_003088.jpg,_314.jpg
2008_002383.jpg,_315.jpg
2010_000309.jpg,_316.jpg
2008_007945.jpg,_317.jpg
2010_005888.jpg,_318.jpg
2007_008722.jpg,_319.jpg
2008_003477.jpg,_32.jpg
2008_006703.jpg,_320.jpg
2010_001149.jpg,_321.jpg
2010_000764.jpg,_322.jpg
2010_000941.jpg,_323.jpg
2009_001804.jpg,_324.jpg
2011_002885.jpg,_325.jpg
2007_000762.jpg,_326.jpg
2010_004635.jpg,_327.jpg
2010_000238.jpg,_328.jpg
2007_006348.jpg,_329.jpg
2009_004494.jpg,_33.jpg
2007_007235.jpg,_330.jpg
2010_000788.jpg,_331.jpg
2008_002492.jpg,_332.jpg
2009_000771.jpg,_333.jpg
2008_002495.jpg,_334.jpg
2009_002936.jpg,_335.jpg
2008_001283.jpg,_337.jpg
2008_007548.jpg,_338.jpg
2007_003530.jpg,_339.jpg
2011_001988.jpg,_34.jpg
2010_000552.jpg,_340.jpg
2007_006837.jpg,_341.jpg
2007_003861.jpg,_342.jpg
2008_001040.jpg,_343.jpg
2007_009817.jpg,_344.jpg
2007_002119.jpg,_345.jpg
2008_004705.jpg,_346.jpg
2008_004704.jpg,_347.jpg
2008_004701.jpg,_348.jpg
2008_003034.jpg,_349.jpg
2010_002450.jpg,_35.jpg
2011_000248.jpg,_350.jpg
2007_002597.jpg,_351.jpg
2009_001775.jpg,_352.jpg
2009_000991.jpg,_353.jpg
2009_000998.jpg,_354.jpg
2007_005058.jpg,_355.jpg
2007_009923.jpg,_356.jpg
2010_005877.jpg,_357.jpg
2009_000421.jpg,_358.jpg
2010_003207.jpg,_359.jpg
2010_003187.jpg,_36.jpg
2009_000426.jpg,_360.jpg
2007_005696.jpg,_361.jpg
2007_007836.jpg,_362.jpg
2008_000391.jpg,_363.jpg
2011_002244.jpg,_364.jpg
2011_002247.jpg,_365.jpg
2010_003446.jpg,_366.jpg
2008_004562.jpg,_367.jpg
2011_000112.jpg,_368.jpg
2011_001190.jpg,_369.jpg
2010_003183.jpg,_37.jpg
2009_003551.jpg,_370.jpg
2010_002792.jpg,_371.jpg
2009_003080.jpg,_372.jpg
2009_002562.jpg,_373.jpg
2008_006063.jpg,_374.jpg
2008_003821.jpg,_375.jpg
2010_003532.jpg,_376.jpg
2010_003531.jpg,_377.jpg
2010_006070.jpg,_378.jpg
2011_000809.jpg,_379.jpg
2009_004255.jpg,_38.jpg
2009_002202.jpg,_380.jpg
2007_001594.jpg,_381.jpg
2011_000807.jpg,_382.jpg
2011_001407.jpg,_383.jpg
2011_002662.jpg,_384.jpg
2008_004399.jpg,_385.jpg
2008_004396.jpg,_386.jpg
2011_002064.jpg,_387.jpg
2007_005304.jpg,_388.jpg
2008_000401.jpg,_389.jpg
2008_003676.jpg,_39.jpg
2010_002310.jpg,_390.jpg
2008_002936.jpg,_391.jpg
2008_008392.jpg,_392.jpg
2008_008393.jpg,_393.jpg
2007_001377.jpg,_394.jpg
2009_002445.jpg,_395.jpg
2008_000657.jpg,_396.jpg
2011_001069.jpg,_397.jpg
2008_006835.jpg,_398.jpg
2007_009245.jpg,_399.jpg
2010_000572.jpg,_4.jpg
2010_003473.jpg,_40.jpg
2010_001206.jpg,_400.jpg
2009_004738.jpg,_401.jpg
2009_004732.jpg,_402.jpg
2009_004730.jpg,_403.jpg
2010_004120.jpg,_404.jpg
2010_004697.jpg,_405.jpg
2007_007688.jpg,_406.jpg
2009_002594.jpg,_407.jpg
2009_002591.jpg,_408.jpg
2010_001376.jpg,_409.jpg
2011_000658.jpg,_41.jpg
2007_000572.jpg,_410.jpg
2007_009756.jpg,_411.jpg
2007_009750.jpg,_412.jpg
2009_005262.jpg,_413.jpg
2009_005260.jpg,_414.jpg
2010_001553.jpg,_415.jpg
2009_004994.jpg,_416.jpg
2009_004993.jpg,_417.jpg
2009_001160.jpg,_418.jpg
2008_006480.jpg,_419.jpg
2011_001708.jpg,_42.jpg
2011_003055.jpg,_420.jpg
2011_002509.jpg,_421.jpg
2008_000474.jpg,_422.jpg
2009_004848.jpg,_423.jpg
2007_000799.jpg,_424.jpg
2010_001151.jpg,_425.jpg
2008_004624.jpg,_426.jpg
2008_006130.jpg,_427.jpg
2008_005628.jpg,_428.jpg
2007_001423.jpg,_429.jpg
2011_001529.jpg,_43.jpg
2009_002928.jpg,_430.jpg
2007_003188.jpg,_431.jpg
2008_002240.jpg,_432.jpg
2008_002241.jpg,_433.jpg
2007_002852.jpg,_434.jpg
2007_006802.jpg,_435.jpg
2008_006008.jpg,_436.jpg
2007_008374.jpg,_437.jpg
2007_007534.jpg,_438.jpg
2010_000335.jpg,_439.jpg
2010_001830.jpg,_44.jpg
2008_006229.jpg,_440.jpg
2007_006241.jpg,_441.jpg
2009_002856.jpg,_442.jpg
2011_000238.jpg,_443.jpg
2011_000234.jpg,_444.jpg
2007_005915.jpg,_445.jpg
2007_002618.jpg,_446.jpg
2007_002619.jpg,_447.jpg
2007_005911.jpg,_448.jpg
2009_000989.jpg,_449.jpg
2009_004789.jpg,_45.jpg
2010_003231.jpg,_450.jpg
2007_005689.jpg,_451.jpg
2010_003239.jpg,_452.jpg
2011_000585.jpg,_453.jpg
2008_007194.jpg,_454.jpg
2007_008596.jpg,_455.jpg
2007_004405.jpg,_456.jpg
2011_000566.jpg,_457.jpg
2007_005460.jpg,_458.jpg
2008_001874.jpg,_459.jpg
2007_004190.jpg,_46.jpg
2007_005469.jpg,_460.jpg
2011_002279.jpg,_461.jpg
2011_001748.jpg,_462.jpg
2008_004575.jpg,_463.jpg
2011_001745.jpg,_464.jpg
2007_007524.jpg,_465.jpg
2011_001567.jpg,_466.jpg
2010_003947.jpg,_467.jpg
2010_003495.jpg,_468.jpg
2009_003523.jpg,_469.jpg
2007_004193.jpg,_47.jpg
2010_002017.jpg,_470.jpg
2009_004504.jpg,_471.jpg
2010_002546.jpg,_472.jpg
2009_004507.jpg,_473.jpg
2010_003547.jpg,_474.jpg
2009_004509.jpg,_475.jpg
2008_000271.jpg,_476.jpg
2008_000270.jpg,_477.jpg
2010_003541.jpg,_478.jpg
2010_003781.jpg,_479.jpg
2009_003564.jpg,_48.jpg
2011_000830.jpg,_480.jpg
2007_001568.jpg,_481.jpg
2011_001416.jpg,_482.jpg
2008_004363.jpg,_483.jpg
2008_004367.jpg,_484.jpg
2007_008973.jpg,_485.jpg
2010_005401.jpg,_486.jpg
2010_002305.jpg,_487.jpg
2007_007203.jpg,_488.jpg
2010_003168.jpg,_489.jpg
2009_003569.jpg,_49.jpg
2009_002320.jpg,_490.jpg
2008_002904.jpg,_491.jpg
2008_002900.jpg,_492.jpg
2010_005626.jpg,_493.jpg
2011_000900.jpg,_494.jpg
2009_003450.jpg,_495.jpg
2009_001333.jpg,_496.jpg
2008_000080.jpg,_497.jpg
2010_002161.jpg,_498.jpg
2007_001761.jpg,_499.jpg
2009_001300.jpg,_5.jpg
2008_003876.jpg,_50.jpg
2010_005531.jpg,_500.jpg
2007_001763.jpg,_501.jpg
2010_005245.jpg,_502.jpg
2010_005534.jpg,_503.jpg
2009_004721.jpg,_504.jpg
2010_002763.jpg,_505.jpg
2011_001984.jpg,_506.jpg
2009_005078.jpg,_507.jpg
2008_003135.jpg,_508.jpg
2009_001008.jpg,_509.jpg
2008_003874.jpg,_51.jpg
2009_003858.jpg,_510.jpg
2009_002584.jpg,_511.jpg
2009_003857.jpg,_512.jpg
2010_004757.jpg,_513.jpg
2007_009346.jpg,_514.jpg
2010_004208.jpg,_515.jpg
2011_002997.jpg,_516.jpg
2011_002993.jpg,_517.jpg
2007_009562.jpg,_518.jpg
2011_003011.jpg,_519.jpg
2010_003506.jpg,_52.jpg
2009_004987.jpg,_520.jpg
2010_001522.jpg,_521.jpg
2007_003991.jpg,_522.jpg
2008_006722.jpg,_523.jpg
2011_002515.jpg,_524.jpg
2007_008747.jpg,_525.jpg
2008_000464.jpg,_526.jpg
2008_005105.jpg,_527.jpg
2007_000783.jpg,_528.jpg
2007_009691.jpg,_529.jpg
2010_002900.jpg,_53.jpg
2011_003019.jpg,_530.jpg
2008_000469.jpg,_531.jpg
2009_004859.jpg,_532.jpg
2008_005633.jpg,_533.jpg
2010_000216.jpg,_534.jpg
2007_003201.jpg,_535.jpg
2007_003194.jpg,_536.jpg
2007_003195.jpg,_537.jpg
2009_002618.jpg,_538.jpg
2007_002824.jpg,_539.jpg
2008_008296.jpg,_54.jpg
2007_002823.jpg,_540.jpg
2008_002239.jpg,_541.jpg
2007_003841.jpg,_542.jpg
2008_000510.jpg,_543.jpg
2008_004172.jpg,_544.jpg
2007_003848.jpg,_545.jpg
2007_009764.jpg,_546.jpg
2008_001028.jpg,_547.jpg
2008_006219.jpg,_548.jpg
2007_002132.jpg,_549.jpg
2010_002902.jpg,_55.jpg
2008_006216.jpg,_550.jpg
2007_008415.jpg,_551.jpg
2007_003682.jpg,_552.jpg
2010_000110.jpg,_553.jpg
2011_000226.jpg,_554.jpg
2008_006108.jpg,_555.jpg
2007_002624.jpg,_556.jpg
2007_005074.jpg,_557.jpg
2008_007273.jpg,_558.jpg
2011_002040.jpg,_559.jpg
2008_008746.jpg,_56.jpg
2007_006076.jpg,_560.jpg
2011_002041.jpg,_561.jpg
2007_007818.jpg,_562.jpg
2007_007815.jpg,_563.jpg
2007_007810.jpg,_564.jpg
2011_000598.jpg,_565.jpg
2008_007677.jpg,_566.jpg
2011_001082.jpg,_567.jpg
2007_008980.jpg,_568.jpg
2009_004221.jpg,_569.jpg
2009_002568.jpg,_57.jpg
2009_000351.jpg,_570.jpg
2007_006678.jpg,_571.jpg
2008_000863.jpg,_572.jpg
2011_001775.jpg,_573.jpg
2009_000242.jpg,_574.jpg
2009_000354.jpg,_575.jpg
2011_000173.jpg,_576.jpg
2011_000178.jpg,_577.jpg
2009_000727.jpg,_578.jpg
2010_003956.jpg,_579.jpg
2007_001239.jpg,_58.jpg
2011_001793.jpg,_580.jpg
2011_001794.jpg,_581.jpg
2008_006526.jpg,_582.jpg
2010_006054.jpg,_583.jpg
2008_003511.jpg,_584.jpg
2008_004212.jpg,_585.jpg
2011_001313.jpg,_586.jpg
2010_003820.jpg,_587.jpg
2011_001421.jpg,_588.jpg
2011_000503.jpg,_589.jpg
2011_000874.jpg,_59.jpg
2010_001956.jpg,_590.jpg
2009_003193.jpg,_591.jpg
2008_004175.jpg,_592.jpg
2009_003196.jpg,_593.jpg
2011_002685.jpg,_594.jpg
2010_001951.jpg,_595.jpg
2010_002682.jpg,_596.jpg
2010_005433.jpg,_597.jpg
2010_005432.jpg,_598.jpg
2007_001175.jpg,_599.jpg
2008_007804.jpg,_6.jpg
2009_003304.jpg,_60.jpg
2007_008964.jpg,_600.jpg
2007_008339.jpg,_601.jpg
2007_001311.jpg,_602.jpg
2011_000912.jpg,_603.jpg
2010_005180.jpg,_604.jpg
2009_003991.jpg,_605.jpg
2010_005187.jpg,_606.jpg
2008_000673.jpg,_607.jpg
2008_000073.jpg,_608.jpg
2008_000075.jpg,_609.jpg
2010_001908.jpg,_61.jpg
2007_004121.jpg,_610.jpg
2007_009221.jpg,_611.jpg
2007_001774.jpg,_612.jpg
2010_002200.jpg,_613.jpg
2010_005501.jpg,_614.jpg
2009_002268.jpg,_615.jpg
2009_002265.jpg,_616.jpg
2010_005508.jpg,_617.jpg
2007_001408.jpg,_618.jpg
2010_001403.jpg,_619.jpg
2008_003499.jpg,_62.jpg
2007_001955.jpg,_620.jpg
2010_005762.jpg,_621.jpg
2009_003849.jpg,_622.jpg
2007_009592.jpg,_623.jpg
2008_000182.jpg,_624.jpg
2007_000559.jpg,_625.jpg
2010_005344.jpg,_626.jpg
2010_001313.jpg,_627.jpg
2007_008084.jpg,_628.jpg
2007_003051.jpg,_629.jpg
2008_003492.jpg,_63.jpg
2007_007795.jpg,_630.jpg
2007_000042.jpg,_631.jpg
2011_001880.jpg,_632.jpg
2010_001534.jpg,_633.jpg
2007_007168.jpg,_634.jpg
2011_003030.jpg,_635.jpg
2010_000918.jpg,_636.jpg
2009_002487.jpg,_637.jpg
2007_009687.jpg,_638.jpg
2007_009684.jpg,_639.jpg
2009_002366.jpg,_64.jpg
2008_005145.jpg,_640.jpg
2008_004995.jpg,_641.jpg
2010_004104.jpg,_642.jpg
2009_000096.jpg,_643.jpg
2008_001433.jpg,_644.jpg
2008_005642.jpg,_645.jpg
2009_004886.jpg,_646.jpg
2009_004882.jpg,_647.jpg
2008_007513.jpg,_648.jpg
2007_006866.jpg,_649.jpg
2010_005118.jpg,_65.jpg
2007_006864.jpg,_650.jpg
2010_000683.jpg,_651.jpg
2010_000682.jpg,_652.jpg
2009_001299.jpg,_653.jpg
2010_004369.jpg,_654.jpg
2007_007211.jpg,_655.jpg
2008_008711.jpg,_656.jpg
2009_000523.jpg,_657.jpg
2009_004084.jpg,_658.jpg
2007_006260.jpg,_659.jpg
2007_000837.jpg,_66.jpg
2008_004610.jpg,_660.jpg
2010_000666.jpg,_661.jpg
2008_002358.jpg,_662.jpg
2007_008222.jpg,_663.jpg
2008_005915.jpg,_664.jpg
2007_009911.jpg,_665.jpg
2007_006046.jpg,_666.jpg
2009_000412.jpg,_667.jpg
2010_004946.jpg,_668.jpg
2009_000418.jpg,_669.jpg
2010_004795.jpg,_67.jpg
2008_003777.jpg,_670.jpg
2009_001433.jpg,_671.jpg
2010_004815.jpg,_672.jpg
2011_000548.jpg,_673.jpg
2007_006680.jpg,_674.jpg
2010_003365.jpg,_675.jpg
2010_003362.jpg,_676.jpg
2008_000853.jpg,_677.jpg
2008_002588.jpg,_678.jpg
2007_006449.jpg,_679.jpg
2007_000830.jpg,_68.jpg
2007_006444.jpg,_680.jpg
2011_001161.jpg,_681.jpg
2009_003504.jpg,_682.jpg
2009_003507.jpg,_683.jpg
2009_003059.jpg,_684.jpg
2008_001580.jpg,_685.jpg
2011_002322.jpg,_686.jpg
2011_002327.jpg,_687.jpg
2008_000215.jpg,_688.jpg
2008_000213.jpg,_689.jpg
2007_000529.jpg,_69.jpg
2009_002165.jpg,_690.jpg
2010_003813.jpg,_691.jpg
2011_000780.jpg,_692.jpg
2010_003764.jpg,_693.jpg
2011_000789.jpg,_694.jpg
2010_003768.jpg,_695.jpg
2011_001434.jpg,_696.jpg
2010_002691.jpg,_697.jpg
2010_002693.jpg,_698.jpg
2008_004345.jpg,_699.jpg
2008_007378.jpg,_7.jpg
2010_005664.jpg,_70.jpg
2007_005331.jpg,_700.jpg
2010_005421.jpg,_701.jpg
2010_002361.jpg,_702.jpg
2010_005428.jpg,_703.jpg
2011_001546.jpg,_704.jpg
2011_001232.jpg,_705.jpg
2011_000969.jpg,_706.jpg
2011_000396.jpg,_707.jpg
2008_000666.jpg,_708.jpg
2008_000662.jpg,_709.jpg
2009_002415.jpg,_71.jpg
2008_000661.jpg,_710.jpg
2009_003273.jpg,_711.jpg
2007_004112.jpg,_712.jpg
2010_005992.jpg,_713.jpg
2010_005991.jpg,_714.jpg
2008_008051.jpg,_715.jpg
2007_000129.jpg,_716.jpg
2010_002988.jpg,_717.jpg
2010_005284.jpg,_718.jpg
2008_001629.jpg,_719.jpg
2011_002730.jpg,_72.jpg
2011_003145.jpg,_720.jpg
2011_003146.jpg,_721.jpg
2010_001327.jpg,_722.jpg
2010_004772.jpg,_723.jpg
2010_005606.jpg,_724.jpg
2010_004219.jpg,_725.jpg
2010_005353.jpg,_726.jpg
2010_004559.jpg,_727.jpg
2010_004556.jpg,_728.jpg
2010_004551.jpg,_729.jpg
2008_000602.jpg,_73.jpg
2010_004550.jpg,_730.jpg
2011_003003.jpg,_731.jpg
2011_002532.jpg,_732.jpg
2009_001663.jpg,_733.jpg
2008_001135.jpg,_734.jpg
2007_007493.jpg,_735.jpg
2010_000906.jpg,_736.jpg
2010_000907.jpg,_737.jpg
2010_000904.jpg,_738.jpg
2009_001108.jpg,_739.jpg
2009_002094.jpg,_74.jpg
2007_007651.jpg,_740.jpg
2010_000272.jpg,_741.jpg
2007_007470.jpg,_742.jpg
2007_007477.jpg,_743.jpg
2009_000732.jpg,_744.jpg
2009_000731.jpg,_745.jpg
2009_000730.jpg,_746.jpg
2009_004895.jpg,_747.jpg
2008_002212.jpg,_748.jpg
2008_007507.jpg,_749.jpg
2007_000636.jpg,_75.jpg
2009_004298.jpg,_750.jpg
2008_006055.jpg,_751.jpg
2008_000533.jpg,_752.jpg
2010_000874.jpg,_753.jpg
2009_000080.jpg,_754.jpg
2007_008430.jpg,_755.jpg
2009_004099.jpg,_756.jpg
2009_000087.jpg,_757.jpg
2007_006277.jpg,_758.jpg
2010_000679.jpg,_759.jpg
2009_002097.jpg,_76.jpg
2009_000641.jpg,_760.jpg
2009_002808.jpg,_761.jpg
2010_004951.jpg,_762.jpg
2009_001731.jpg,_763.jpg
2007_008547.jpg,_764.jpg
2007_008543.jpg,_765.jpg
2007_003957.jpg,_766.jpg
2008_005904.jpg,_767.jpg
2009_000391.jpg,_768.jpg
2009_000469.jpg,_769.jpg
2010_005206.jpg,_77.jpg
2010_004828.jpg,_770.jpg
2009_004140.jpg,_771.jpg
2011_002200.jpg,_772.jpg
2008_001821.jpg,_773.jpg
2007_002376.jpg,_774.jpg
2007_006698.jpg,_775.jpg
2008_000848.jpg,_776.jpg
2007_002378.jpg,_777.jpg
2007_005428.jpg,_778.jpg
2011_001159.jpg,_779.jpg
2010_001692.jpg,_78.jpg
2008_000992.jpg,_780.jpg
2009_003517.jpg,_781.jpg
2009_003043.jpg,_782.jpg
2007_008897.jpg,_783.jpg
2007_009068.jpg,_784.jpg
2007_005509.jpg,_785.jpg
2008_003577.jpg,_786.jpg
2008_003576.jpg,_787.jpg
2010_002512.jpg,_788.jpg
2007_000033.jpg,_789.jpg
2010_001699.jpg,_79.jpg
2010_003771.jpg,_790.jpg
2008_002680.jpg,_791.jpg
2008_002681.jpg,_792.jpg
2011_001447.jpg,_793.jpg
2008_003886.jpg,_794.jpg
2008_003885.jpg,_795.jpg
2009_003607.jpg,_796.jpg
2010_003597.jpg,_797.jpg
2010_002422.jpg,_798.jpg
2007_001154.jpg,_799.jpg
2007_002728.jpg,_8.jpg
2009_005038.jpg,_80.jpg
2007_008944.jpg,_800.jpg
2008_003976.jpg,_801.jpg
2010_003971.jpg,_802.jpg
2008_003210.jpg,_803.jpg
2010_005160.jpg,_804.jpg
2010_005166.jpg,_805.jpg
2011_001020.jpg,_806.jpg
2009_003466.jpg,_807.jpg
2009_003269.jpg,_808.jpg
2009_002390.jpg,_809.jpg
2008_005097.jpg,_81.jpg
2008_005727.jpg,_810.jpg
2009_002649.jpg,_811.jpg
2008_006874.jpg,_812.jpg
2008_008268.jpg,_813.jpg
2007_000332.jpg,_814.jpg
2011_002150.jpg,_815.jpg
2011_002156.jpg,_816.jpg
2010_002228.jpg,_817.jpg
2010_005706.jpg,_818.jpg
2010_005705.jpg,_819.jpg
2008_001640.jpg,_82.jpg
2008_008421.jpg,_820.jpg
2010_005709.jpg,_821.jpg
2008_005338.jpg,_822.jpg
2010_004763.jpg,_823.jpg
2008_008469.jpg,_824.jpg
2010_005366.jpg,_825.jpg
2007_001884.jpg,_826.jpg
2010_000065.jpg,_827.jpg
2010_004543.jpg,_828.jpg
2010_005013.jpg,_829.jpg
2008_005525.jpg,_83.jpg
2007_000061.jpg,_830.jpg
2009_005137.jpg,_831.jpg
2007_000847.jpg,_832.jpg
2011_002548.jpg,_833.jpg
2009_002732.jpg,_834.jpg
2008_005242.jpg,_835.jpg
2008_008682.jpg,_836.jpg
2009_002291.jpg,_837.jpg
2008_005245.jpg,_838.jpg
2010_004165.jpg,_839.jpg
2007_009015.jpg,_84.jpg
2007_003143.jpg,_840.jpg
2009_002527.jpg,_841.jpg
2009_000892.jpg,_842.jpg
2009_000723.jpg,_843.jpg
2008_002205.jpg,_844.jpg
2008_003379.jpg,_845.jpg
2007_006841.jpg,_846.jpg
2008_001013.jpg,_847.jpg
2010_004382.jpg,_848.jpg
2007_009794.jpg,_849.jpg
2008_000731.jpg,_85.jpg
2011_002498.jpg,_850.jpg
2007_007007.jpg,_851.jpg
2007_003367.jpg,_852.jpg
2008_004754.jpg,_853.jpg
2007_003499.jpg,_854.jpg
2008_004758.jpg,_855.jpg
2008_007797.jpg,_856.jpg
2009_001255.jpg,_857.jpg
2010_004941.jpg,_858.jpg
2008_002379.jpg,_859.jpg
2010_005063.jpg,_86.jpg
2008_007402.jpg,_860.jpg
2010_000724.jpg,_861.jpg
2007_003786.jpg,_862.jpg
2010_000241.jpg,_863.jpg
2007_008204.jpg,_864.jpg
2008_001308.jpg,_865.jpg
2007_002565.jpg,_866.jpg
2009_000387.jpg,_867.jpg
2008_004687.jpg,_868.jpg
2008_003155.jpg,_869.jpg
2008_008127.jpg,_87.jpg
2009_001411.jpg,_870.jpg
2011_002308.jpg,_871.jpg
2010_005252.jpg,_872.jpg
2011_000526.jpg,_873.jpg
2011_000521.jpg,_874.jpg
2010_003468.jpg,_875.jpg
2009_000074.jpg,_876.jpg
2011_000412.jpg,_877.jpg
2011_000419.jpg,_878.jpg
2011_000638.jpg,_879.jpg
2010_001768.jpg,_88.jpg
2009_003071.jpg,_880.jpg
2008_000239.jpg,_881.jpg
2008_000943.jpg,_882.jpg
2008_000233.jpg,_883.jpg
2009_004540.jpg,_884.jpg
2008_000234.jpg,_885.jpg
2009_004125.jpg,_886.jpg
2010_003746.jpg,_887.jpg
2010_003293.jpg,_888.jpg
2010_000159.jpg,_889.jpg
2010_004337.jpg,_89.jpg
2008_001491.jpg,_890.jpg
2007_005354.jpg,_891.jpg
2010_003123.jpg,_892.jpg
2008_002942.jpg,_893.jpg
2007_005358.jpg,_894.jpg
2010_002348.jpg,_895.jpg
2007_001630.jpg,_896.jpg
2010_005174.jpg,_897.jpg
2009_003494.jpg,_898.jpg
2009_003498.jpg,_899.jpg
2009_000121.jpg,_9.jpg
2008_003270.jpg,_90.jpg
2009_003703.jpg,_900.jpg
2009_003707.jpg,_901.jpg 
2009_002382.jpg,_902.jpg
2010_001851.jpg,_903.jpg
2007_000323.jpg,_904.jpg
2010_002232.jpg,_905.jpg
2010_005575.jpg,_906.jpg
2008_001546.jpg,_907.jpg
2008_001547.jpg,_908.jpg
2009_003387.jpg,_909.jpg
2010_001767.jpg,_91.jpg
2007_001526.jpg,_910.jpg
2007_001457.jpg,_911.jpg
2007_000925.jpg,_912.jpg
2010_001292.jpg,_913.jpg
2010_005718.jpg,_914.jpg
2010_005719.jpg,_915.jpg
2007_001458.jpg,_916.jpg
2007_009096.jpg,_917.jpg
2009_003810.jpg,_918.jpg
2009_004942.jpg,_919.jpg
2010_001563.jpg,_92.jpg
2010_001079.jpg,_920.jpg
2010_001820.jpg,_921.jpg
2007_009521.jpg,_922.jpg
2009_005148.jpg,_923.jpg
2010_001070.jpg,_924.jpg
2009_002727.jpg,_925.jpg
2008_001150.jpg,_926.jpg
2009_003928.jpg,_927.jpg
2007_009413.jpg,_928.jpg
2008_005254.jpg,_929.jpg
2007_003137.jpg,_93.jpg
2007_009419.jpg,_930.jpg
2010_004628.jpg,_931.jpg
2010_001451.jpg,_932.jpg
2008_006784.jpg,_933.jpg
2009_000716.jpg,_934.jpg
2007_007109.jpg,_935.jpg
2010_000814.jpg,_936.jpg
2011_002951.jpg,_937.jpg
2007_003020.jpg,_938.jpg
2007_003022.jpg,_939.jpg
2007_003134.jpg,_94.jpg
2007_003373.jpg,_940.jpg
2009_000664.jpg,_941.jpg
2010_003127.jpg,_942.jpg
2009_001718.jpg,_943.jpg
2009_001240.jpg,_944.jpg
2011_003205.jpg,_945.jpg
2008_005676.jpg,_946.jpg
2009_001391.jpg,_947.jpg
2008_001379.jpg,_948.jpg
2009_000919.jpg,_949.jpg
2007_007165.jpg,_95.jpg
2008_006325.jpg,_950.jpg
2010_004348.jpg,_951.jpg
2008_006327.jpg,_952.jpg
2007_003571.jpg,_953.jpg
2008_003782.jpg,_954.jpg
2008_003076.jpg,_955.jpg
2010_001656.jpg,_956.jpg
2007_001678.jpg,_957.jpg
2008_003141.jpg,_958.jpg
2011_000310.jpg,_959.jpg
2007_003131.jpg,_96.jpg
2011_000312.jpg,_960.jpg
2008_006528.jpg,_961.jpg
2008_006523.jpg,_962.jpg
2008_006254.jpg,_963.jpg
2010_001557.jpg,_964.jpg
2011_000536.jpg,_965.jpg
2011_002223.jpg,_966.jpg
2008_005812.jpg,_967.jpg
2008_007123.jpg,_968.jpg
2007_002427.jpg,_969.jpg
2007_008708.jpg,_97.jpg
2007_002426.jpg,_970.jpg
2008_002775.jpg,_971.jpg
2008_002778.jpg,_972.jpg
2007_009897.jpg,_973.jpg
2009_002651.jpg,_974.jpg
2011_002317.jpg,_975.jpg
2010_002531.jpg,_976.jpg
2007_005294.jpg,_977.jpg
2007_005296.jpg,_978.jpg
2010_002536.jpg,_979.jpg
2010_000961.jpg,_98.jpg
2009_004579.jpg,_980.jpg
2010_002538.jpg,_981.jpg
2008_000223.jpg,_982.jpg
2010_003758.jpg,_983.jpg
2011_001047.jpg,_984.jpg
2007_004902.jpg,_985.jpg
2011_001669.jpg,_986.jpg
2008_001971.jpg,_987.jpg
2009_003666.jpg,_988.jpg
2011_001665.jpg,_989.jpg
2007_009655.jpg,_99.jpg
2008_004339.jpg,_990.jpg
2011_002002.jpg,_991.jpg
2008_002958.jpg,_992.jpg
2010_003132.jpg,_993.jpg
2011_001597.jpg,_994.jpg
2011_001263.jpg,_995.jpg
2009_003063.jpg,_996.jpg
2010_003912.jpg,_997.jpg
2009_003065.jpg,_998.jpg
2010_005496.jpg,_999.jpg
2008_007836.jpg,_336.jpg
2008_000501.jpg,_1078.jpg
2007_006549.jpg,_1322.jpg
2010_004662.jpg,_1354.jpg
