2007_007881.png,_0.png
2008_006275.png,_1.png
2007_002470.png,_10.png
2007_009654.png,_100.png
2011_000953.png,_1000.png
2010_002396.png,_1001.png
2010_002390.png,_1002.png
2009_003241.png,_1003.png
2011_002879.png,_1004.png
2011_002178.png,_1005.png
2009_004592.png,_1006.png
2009_004590.png,_1007.png
2009_004594.png,_1008.png
2007_000663.png,_1009.png
2008_007497.png,_101.png
2007_000661.png,_1010.png
2010_001331.png,_1011.png
2008_000782.png,_1012.png
2007_009088.png,_1013.png
2009_002535.png,_1014.png
2007_009084.png,_1015.png
2009_002539.png,_1016.png
2009_003804.png,_1017.png
2009_003806.png,_1018.png
2008_000149.png,_1019.png
2007_006560.png,_102.png
2008_004621.png,_1020.png
2011_000888.png,_1021.png
2008_008335.png,_1022.png
2010_001061.png,_1023.png
2010_004520.png,_1024.png
2009_005156.png,_1025.png
2010_001069.png,_1026.png
2010_004529.png,_1027.png
2010_002868.png,_1028.png
2009_002753.png,_1029.png
2009_000156.png,_103.png
2007_000862.png,_1030.png
2007_006761.png,_1031.png
2009_003938.png,_1032.png
2011_002812.png,_1033.png
2010_001448.png,_1034.png
2007_000464.png,_1035.png
2008_005262.png,_1036.png
2010_005727.png,_1037.png
2010_004149.png,_1038.png
2009_000704.png,_1039.png
2007_003714.png,_104.png
2009_000705.png,_1040.png
2008_005445.png,_1041.png
2009_000879.png,_1042.png
2007_003169.png,_1043.png
2011_001910.png,_1044.png
2008_005049.png,_1045.png
2010_005922.png,_1046.png
2009_005089.png,_1047.png
2007_003011.png,_1048.png
2008_000763.png,_1049.png
2008_007498.png,_105.png
2010_000003.png,_1050.png
2008_000765.png,_1051.png
2009_002035.png,_1052.png
2009_000675.png,_1053.png
2009_001278.png,_1054.png
2010_000628.png,_1055.png
2011_001868.png,_1056.png
2011_001863.png,_1057.png
2011_001862.png,_1058.png
2011_002589.png,_1059.png
2008_004612.png,_106.png
2008_005680.png,_1060.png
2007_008260.png,_1061.png
2008_006408.png,_1062.png
2007_006086.png,_1063.png
2007_003587.png,_1064.png
2009_000457.png,_1065.png
2007_005626.png,_1066.png
2009_000455.png,_1067.png
2007_007849.png,_1068.png
2010_000530.png,_1069.png
2008_006143.png,_107.png
2007_003742.png,_1070.png
2010_004856.png,_1071.png
2010_004857.png,_1072.png
2007_003349.png,_1073.png
2011_001782.png,_1074.png
2008_000811.png,_1075.png
2010_000330.png,_1076.png
2007_005759.png,_1077.png
2011_000185.png,_1079.png
2007_003711.png,_108.png
2010_000738.png,_1080.png
2009_004021.png,_1081.png
2009_001505.png,_1082.png
2011_000435.png,_1083.png
2011_000436.png,_1084.png
2011_000438.png,_1085.png
2011_000618.png,_1086.png
2007_005281.png,_1087.png
2008_003546.png,_1088.png
2009_004568.png,_1089.png
2007_006364.png,_109.png
2011_000051.png,_1090.png
2011_000054.png,_1091.png
2009_003123.png,_1092.png
2008_001966.png,_1093.png
2011_001674.png,_1094.png
2007_004712.png,_1095.png
2011_001589.png,_1096.png
2007_004483.png,_1097.png
2007_005173.png,_1098.png
2011_001276.png,_1099.png
2008_007392.png,_11.png
2009_001314.png,_110.png
2010_003381.png,_1100.png
2009_002638.png,_1101.png
2009_002635.png,_1102.png
2007_001585.png,_1103.png
2009_004748.png,_1104.png
2007_001299.png,_1105.png
2007_004392.png,_1106.png
2010_002251.png,_1107.png
2010_002701.png,_1108.png
2009_004581.png,_1109.png
2010_003915.png,_111.png
2007_000676.png,_1110.png
2009_002521.png,_1111.png
2011_003182.png,_1112.png
2008_000795.png,_1113.png
2009_002295.png,_1114.png
2009_003343.png,_1115.png
2007_009320.png,_1116.png
2007_009323.png,_1117.png
2011_000239.png,_1118.png
2010_005159.png,_1119.png
2008_007811.png,_112.png
2008_008301.png,_1120.png
2007_001586.png,_1121.png
2009_004635.png,_1122.png
2010_001017.png,_1123.png
2010_001016.png,_1124.png
2010_005021.png,_1125.png
2010_001011.png,_1126.png
2010_001010.png,_1127.png
2008_001170.png,_1128.png
2011_002575.png,_1129.png
2008_007814.png,_113.png
2009_002749.png,_1130.png
2011_002578.png,_1131.png
2009_003904.png,_1132.png
2009_003903.png,_1133.png
2009_000845.png,_1134.png
2009_000840.png,_1135.png
2009_001644.png,_1136.png
2010_001646.png,_1137.png
2010_001124.png,_1138.png
2008_007994.png,_1139.png
2008_002273.png,_114.png
2007_000491.png,_1140.png
2009_001082.png,_1141.png
2010_000836.png,_1142.png
2008_000573.png,_1143.png
2011_002975.png,_1144.png
2010_004519.png,_1145.png
2007_008051.png,_1146.png
2009_004969.png,_1147.png
2008_001682.png,_1148.png
2010_004042.png,_1149.png
2008_001260.png,_115.png
2010_004041.png,_1150.png
2008_001688.png,_1151.png
2007_008670.png,_1152.png
2010_004994.png,_1153.png
2009_005219.png,_1154.png
2008_003238.png,_1155.png
2008_008252.png,_1156.png
2009_005217.png,_1157.png
2010_000639.png,_1158.png
2009_005189.png,_1159.png
2010_004825.png,_116.png
2008_005691.png,_1160.png
2007_003917.png,_1161.png
2011_002592.png,_1162.png
2008_006341.png,_1163.png
2009_000935.png,_1164.png
2009_000931.png,_1165.png
2008_004654.png,_1166.png
2010_004861.png,_1167.png
2008_004659.png,_1168.png
2009_002990.png,_1169.png
2007_002719.png,_117.png
2011_000338.png,_1170.png
2007_000452.png,_1171.png
2007_002400.png,_1172.png
2007_009938.png,_1173.png
2009_000712.png,_1174.png
2011_001110.png,_1175.png
2009_000022.png,_1176.png
2009_004033.png,_1177.png
2007_002539.png,_1178.png
2008_007219.png,_1179.png
2007_003621.png,_118.png
2011_000607.png,_1180.png
2007_005813.png,_1181.png
2011_002371.png,_1182.png
2007_005547.png,_1183.png
2008_004279.png,_1184.png
2009_003299.png,_1185.png
2011_001114.png,_1186.png
2008_004477.png,_1187.png
2009_000335.png,_1188.png
2011_001064.png,_1189.png
2008_003369.png,_119.png
2007_004969.png,_1190.png
2011_000512.png,_1191.png
2011_000045.png,_1192.png
2008_001992.png,_1193.png
2009_003640.png,_1194.png
2011_001642.png,_1195.png
2007_005149.png,_1196.png
2009_003005.png,_1197.png
2009_003003.png,_1198.png
2009_002604.png,_1199.png
2007_006117.png,_12.png
2009_003481.png,_120.png
2009_003224.png,_1200.png
2008_000016.png,_1201.png
2007_004143.png,_1202.png
2007_001284.png,_1203.png
2008_001514.png,_1204.png
2008_001513.png,_1205.png
2008_008221.png,_1206.png
2007_004380.png,_1207.png
2007_001288.png,_1208.png
2007_001289.png,_1209.png
2009_000573.png,_121.png
2008_003846.png,_1210.png
2011_001489.png,_1211.png
2010_001264.png,_1212.png
2010_005582.png,_1213.png
2011_002379.png,_1214.png
2007_004033.png,_1215.png
2007_009331.png,_1216.png
2010_001000.png,_1217.png
2009_002771.png,_1218.png
2007_000804.png,_1219.png
2009_004070.png,_122.png
2008_005197.png,_1220.png
2009_002171.png,_1221.png
2007_008110.png,_1222.png
2009_001816.png,_1223.png
2010_004472.png,_1224.png
2008_003330.png,_1225.png
2008_003333.png,_1226.png
2008_005422.png,_1227.png
2008_004910.png,_1228.png
2009_001854.png,_1229.png
2009_004072.png,_123.png
2010_004479.png,_1230.png
2009_001851.png,_1231.png
2009_001850.png,_1232.png
2009_004217.png,_1233.png
2008_000589.png,_1234.png
2010_004056.png,_1235.png
2007_003611.png,_1236.png
2008_005738.png,_1237.png
2009_000619.png,_1238.png
2007_008645.png,_1239.png
2009_003323.png,_124.png
2010_004980.png,_1240.png
2009_001215.png,_1241.png
2010_001734.png,_1242.png
2007_009392.png,_1243.png
2009_005190.png,_1244.png
2010_003302.png,_1245.png
2010_000284.png,_1246.png
2007_003106.png,_1247.png
2007_007130.png,_1248.png
2007_003101.png,_1249.png
2007_005857.png,_125.png
2007_005600.png,_1250.png
2007_005978.png,_1251.png
2007_006553.png,_1252.png
2007_005608.png,_1253.png
2008_003110.png,_1254.png
2008_002429.png,_1255.png
2009_002982.png,_1256.png
2008_007350.png,_1257.png
2008_001231.png,_1258.png
2011_001060.png,_1259.png
2008_007031.png,_126.png
2007_002412.png,_1260.png
2007_001430.png,_1261.png
2007_006171.png,_1262.png
2008_002521.png,_1263.png
2009_000037.png,_1264.png
2009_000032.png,_1265.png
2011_000456.png,_1266.png
2011_000455.png,_1267.png
2009_000039.png,_1268.png
2011_000291.png,_1269.png
2007_002284.png,_127.png
2011_002343.png,_1270.png
2009_002012.png,_1271.png
2007_005803.png,_1272.png
2008_006553.png,_1273.png
2007_004558.png,_1274.png
2010_003708.png,_1275.png
2011_001071.png,_1276.png
2011_000070.png,_1277.png
2009_003105.png,_1278.png
2010_000256.png,_1279.png
2011_000481.png,_128.png
2008_000345.png,_1280.png
2008_003451.png,_1281.png
2011_002295.png,_1282.png
2008_003926.png,_1283.png
2011_002298.png,_1284.png
2010_003418.png,_1285.png
2009_002346.png,_1286.png
2009_003217.png,_1287.png
2009_003589.png,_1288.png
2011_002121.png,_1289.png
2011_000482.png,_129.png
2011_002124.png,_1290.png
2008_000009.png,_1291.png
2008_001504.png,_1292.png
2007_008802.png,_1293.png
2010_002271.png,_1294.png
2010_003675.png,_1295.png
2008_002859.png,_1296.png
2010_006026.png,_1297.png
2008_003856.png,_1298.png
2009_000440.png,_1299.png
2007_009841.png,_13.png
2007_002046.png,_130.png
2008_003858.png,_1300.png
2010_001256.png,_1301.png
2010_001251.png,_1302.png
2007_001321.png,_1303.png
2009_000446.png,_1304.png
2008_001439.png,_1305.png
2008_004101.png,_1306.png
2009_003696.png,_1307.png
2008_008362.png,_1308.png
2009_002185.png,_1309.png
2007_006035.png,_131.png
2009_004653.png,_1310.png
2007_001677.png,_1311.png
2010_005046.png,_1312.png
2008_008103.png,_1313.png
2008_002835.png,_1314.png
2010_003014.png,_1315.png
2009_002164.png,_1316.png
2009_004043.png,_1317.png
2011_002754.png,_1318.png
2007_008106.png,_1319.png
2008_003709.png,_132.png
2007_009458.png,_1320.png
2008_005217.png,_1321.png
2008_003026.png,_1323.png
2010_002106.png,_1324.png
2007_000727.png,_1325.png
2010_001104.png,_1326.png
2008_005439.png,_1327.png
2008_006981.png,_1328.png
2009_001991.png,_1329.png
2007_002445.png,_133.png
2008_006986.png,_1330.png
2010_004063.png,_1331.png
2008_004854.png,_1332.png
2010_000038.png,_1333.png
2010_001036.png,_1334.png
2009_000628.png,_1335.png
2010_000342.png,_1336.png
2007_009706.png,_1337.png
2010_004314.png,_1338.png
2008_007737.png,_1339.png
2008_007143.png,_134.png
2009_005231.png,_1340.png
2011_003240.png,_1341.png
2011_001812.png,_1342.png
2007_008256.png,_1343.png
2011_003085.png,_1344.png
2007_006946.png,_1345.png
2009_000828.png,_1346.png
2009_000825.png,_1347.png
2011_002535.png,_1348.png
2007_003110.png,_1349.png
2008_001885.png,_135.png
2007_007414.png,_1350.png
2007_007417.png,_1351.png
2007_002643.png,_1352.png
2009_000487.png,_1353.png
2007_002648.png,_1355.png
2009_000488.png,_1356.png
2010_000502.png,_1357.png
2009_000136.png,_1358.png
2008_003108.png,_1359.png
2007_005107.png,_136.png
2009_001332.png,_1360.png
2008_003105.png,_1361.png
2009_002975.png,_1362.png
2009_001683.png,_1363.png
2009_001684.png,_1364.png
2009_001687.png,_1365.png
2007_007498.png,_1366.png
2008_001249.png,_1367.png
2010_001995.png,_1368.png
2007_004510.png,_1369.png
2011_001287.png,_137.png
2007_005705.png,_1370.png
2008_002536.png,_1371.png
2009_001536.png,_1372.png
2009_001535.png,_1373.png
2009_002887.png,_1374.png
2008_007120.png,_1375.png
2011_000283.png,_1376.png
2009_002888.png,_1377.png
2007_002268.png,_1378.png
2011_000661.png,_1379.png
2011_001281.png,_138.png
2007_002260.png,_1380.png
2011_000669.png,_1381.png
2011_002358.png,_1382.png
2007_002266.png,_1383.png
2008_000911.png,_1384.png
2011_002110.png,_1385.png
2008_000919.png,_1386.png
2010_003716.png,_1387.png
2008_002623.png,_1388.png
2009_000318.png,_1389.png
2009_000201.png,_139.png
2011_001005.png,_1390.png
2008_004453.png,_1391.png
2011_000066.png,_1392.png
2011_001624.png,_1393.png
2007_004722.png,_1394.png
2008_003461.png,_1395.png
2008_000359.png,_1396.png
2010_003409.png,_1397.png
2009_004247.png,_1398.png
2010_003402.png,_1399.png
2008_002504.png,_14.png
2009_000205.png,_140.png
2009_004248.png,_1400.png
2011_001713.png,_1401.png
2011_001714.png,_1402.png
2009_002372.png,_1403.png
2009_003756.png,_1404.png
2011_001530.png,_1405.png
2011_001534.png,_1406.png
2008_004069.png,_1407.png
2008_001531.png,_1408.png
2007_008815.png,_1409.png
2011_002863.png,_141.png
2009_004799.png,_1410.png
2009_005220.png,_1411.png
2010_006034.png,_1412.png
2010_003060.png,_1413.png
2007_007084.png,_1414.png
2007_001717.png,_1415.png
2009_001607.png,_1416.png
2009_002573.png,_1417.png
2009_002571.png,_1418.png
2011_000843.png,_1419.png
2007_004856.png,_142.png
2008_000107.png,_1420.png
2009_003378.png,_1421.png
2011_002623.png,_1422.png
2007_004052.png,_1423.png
2008_001404.png,_1424.png
2010_002623.png,_1425.png
2010_005108.png,_1426.png
2009_002155.png,_1427.png
2009_002150.png,_1428.png
2007_007624.png,_1429.png
2007_004189.png,_143.png
2009_003971.png,_1430.png
2007_009446.png,_1431.png
2007_000629.png,_1432.png
2010_002137.png,_1433.png
2010_001246.png,_1434.png
2009_002082.png,_1435.png
2009_004801.png,_1436.png
2010_004419.png,_1437.png
2011_002929.png,_1438.png
2008_005089.png,_1439.png
2009_003773.png,_144.png
2008_000725.png,_1440.png
2010_001024.png,_1441.png
2009_001941.png,_1442.png
2010_000372.png,_1443.png
2007_000123.png,_1444.png
2010_001752.png,_1445.png
2011_003256.png,_1446.png
2008_006752.png,_1447.png
2009_000839.png,_1448.png
2009_003771.png,_145.png
2009_003576.png,_146.png
2011_002391.png,_147.png
2010_002025.png,_148.png
2010_000929.png,_149.png
2009_000012.png,_15.png
2010_003514.png,_150.png
2008_002864.png,_151.png
2011_001601.png,_152.png
2011_001350.png,_153.png
2011_001607.png,_154.png
2009_002221.png,_155.png
2007_004241.png,_156.png
2010_002939.png,_157.png
2008_000120.png,_158.png
2008_000123.png,_159.png
2009_000013.png,_16.png
2009_003311.png,_160.png
2010_001913.png,_161.png
2008_005637.png,_162.png
2011_002644.png,_163.png
2009_004687.png,_164.png
2011_002641.png,_165.png
2007_004275.png,_166.png
2010_002336.png,_167.png
2009_002317.png,_168.png
2010_002480.png,_169.png
2008_003003.png,_17.png
2010_005871.png,_170.png
2010_001351.png,_171.png
2010_005305.png,_172.png
2010_004783.png,_173.png
2010_004789.png,_174.png
2009_003406.png,_175.png
2008_000630.png,_176.png
2010_005788.png,_177.png
2010_002150.png,_178.png
2007_001733.png,_179.png
2011_000479.png,_18.png
2010_001174.png,_180.png
2010_000174.png,_181.png
2008_008629.png,_182.png
2007_000175.png,_183.png
2007_000999.png,_184.png
2008_002043.png,_185.png
2009_002042.png,_186.png
2010_005644.png,_187.png
2008_000700.png,_188.png
2011_003114.png,_189.png
2007_002094.png,_19.png
2008_005399.png,_190.png
2008_005398.png,_191.png
2010_004322.png,_192.png
2010_004320.png,_193.png
2010_001773.png,_194.png
2010_000318.png,_195.png
2010_000087.png,_196.png
2010_001579.png,_197.png
2010_000084.png,_198.png
2010_000083.png,_199.png
2007_006373.png,_2.png
2007_004538.png,_20.png
2011_003271.png,_200.png
2010_001577.png,_201.png
2010_005899.png,_202.png
2009_001818.png,_203.png
2009_004867.png,_204.png
2011_003197.png,_205.png
2010_004432.png,_206.png
2010_000952.png,_207.png
2010_000559.png,_208.png
2008_007527.png,_209.png
2008_007025.png,_21.png
2009_000149.png,_210.png
2008_006159.png,_211.png
2009_001363.png,_212.png
2008_002467.png,_213.png
2008_002464.png,_214.png
2007_007195.png,_215.png
2007_007196.png,_216.png
2008_002269.png,_217.png
2008_006554.png,_218.png
2008_007828.png,_219.png
2007_005828.png,_22.png
2008_001078.png,_220.png
2008_006036.png,_221.png
2008_001070.png,_222.png
2007_003872.png,_223.png
2008_001074.png,_224.png
2008_001076.png,_225.png
2007_007996.png,_226.png
2010_000427.png,_227.png
2010_000426.png,_228.png
2009_001565.png,_229.png
2007_006028.png,_23.png
2010_000422.png,_230.png
2009_001768.png,_231.png
2009_004497.png,_232.png
2009_001765.png,_233.png
2009_000964.png,_234.png
2007_005844.png,_235.png
2007_005845.png,_236.png
2008_007048.png,_237.png
2009_005087.png,_238.png
2007_003503.png,_239.png
2009_004324.png,_24.png
2007_003506.png,_240.png
2009_000924.png,_241.png
2008_003733.png,_242.png
2010_002147.png,_243.png
2007_002903.png,_244.png
2011_000747.png,_245.png
2010_003854.png,_246.png
2007_000346.png,_247.png
2011_002098.png,_248.png
2011_001292.png,_249.png
2008_002152.png,_25.png
2007_005114.png,_250.png
2008_001895.png,_251.png
2007_004468.png,_252.png
2007_006647.png,_253.png
2009_000219.png,_254.png
2010_003453.png,_255.png
2010_003325.png,_256.png
2011_001722.png,_257.png
2008_004552.png,_258.png
2011_001726.png,_259.png
2010_003275.png,_26.png
2007_004866.png,_260.png
2007_004649.png,_261.png
2007_004644.png,_262.png
2009_003542.png,_263.png
2009_005158.png,_264.png
2009_003549.png,_265.png
2010_002030.png,_266.png
2010_003772.png,_267.png
2008_000254.png,_268.png
2010_000622.png,_269.png
2010_003276.png,_27.png
2011_001619.png,_270.png
2011_001341.png,_271.png
2011_001614.png,_272.png
2011_001613.png,_273.png
2011_001346.png,_274.png
2009_002238.png,_275.png
2009_002239.png,_276.png
2009_003895.png,_277.png
2011_000813.png,_278.png
2007_001587.png,_279.png
2011_001014.png,_28.png
2009_002549.png,_280.png
2010_001966.png,_281.png
2011_002675.png,_282.png
2010_001962.png,_283.png
2008_004140.png,_284.png
2008_001478.png,_285.png
2011_002075.png,_286.png
2008_002929.png,_287.png
2009_004455.png,_288.png
2010_001367.png,_289.png
2009_000309.png,_29.png
2009_005302.png,_290.png
2010_005860.png,_291.png
2008_008434.png,_292.png
2008_001715.png,_293.png
2011_002713.png,_294.png
2009_002122.png,_295.png
2009_003433.png,_296.png
2007_000187.png,_297.png
2010_002146.png,_298.png
2010_002929.png,_299.png
2010_000573.png,_3.png
2007_002387.png,_30.png
2007_009251.png,_300.png
2010_002142.png,_301.png
2007_009252.png,_302.png
2010_002921.png,_303.png
2007_009258.png,_304.png
2010_000160.png,_305.png
2010_000163.png,_306.png
2007_007341.png,_307.png
2008_005544.png,_308.png
2007_007748.png,_309.png
2007_004281.png,_31.png
2011_003103.png,_310.png
2010_004226.png,_311.png
2008_007596.png,_312.png
2010_004355.png,_313.png
2007_003088.png,_314.png
2008_002383.png,_315.png
2010_000309.png,_316.png
2008_007945.png,_317.png
2010_005888.png,_318.png
2007_008722.png,_319.png
2008_003477.png,_32.png
2008_006703.png,_320.png
2010_001149.png,_321.png
2010_000764.png,_322.png
2010_000941.png,_323.png
2009_001804.png,_324.png
2011_002885.png,_325.png
2007_000762.png,_326.png
2010_004635.png,_327.png
2010_000238.png,_328.png
2007_006348.png,_329.png
2009_004494.png,_33.png
2007_007235.png,_330.png
2010_000788.png,_331.png
2008_002492.png,_332.png
2009_000771.png,_333.png
2008_002495.png,_334.png
2009_002936.png,_335.png
2008_001283.png,_337.png
2008_007548.png,_338.png
2007_003530.png,_339.png
2011_001988.png,_34.png
2010_000552.png,_340.png
2007_006837.png,_341.png
2007_003861.png,_342.png
2008_001040.png,_343.png
2007_009817.png,_344.png
2007_002119.png,_345.png
2008_004705.png,_346.png
2008_004704.png,_347.png
2008_004701.png,_348.png
2008_003034.png,_349.png
2010_002450.png,_35.png
2011_000248.png,_350.png
2007_002597.png,_351.png
2009_001775.png,_352.png
2009_000991.png,_353.png
2009_000998.png,_354.png
2007_005058.png,_355.png
2007_009923.png,_356.png
2010_005877.png,_357.png
2009_000421.png,_358.png
2010_003207.png,_359.png
2010_003187.png,_36.png
2009_000426.png,_360.png
2007_005696.png,_361.png
2007_007836.png,_362.png
2008_000391.png,_363.png
2011_002244.png,_364.png
2011_002247.png,_365.png
2010_003446.png,_366.png
2008_004562.png,_367.png
2011_000112.png,_368.png
2011_001190.png,_369.png
2010_003183.png,_37.png
2009_003551.png,_370.png
2010_002792.png,_371.png
2009_003080.png,_372.png
2009_002562.png,_373.png
2008_006063.png,_374.png
2008_003821.png,_375.png
2010_003532.png,_376.png
2010_003531.png,_377.png
2010_006070.png,_378.png
2011_000809.png,_379.png
2009_004255.png,_38.png
2009_002202.png,_380.png
2007_001594.png,_381.png
2011_000807.png,_382.png
2011_001407.png,_383.png
2011_002662.png,_384.png
2008_004399.png,_385.png
2008_004396.png,_386.png
2011_002064.png,_387.png
2007_005304.png,_388.png
2008_000401.png,_389.png
2008_003676.png,_39.png
2010_002310.png,_390.png
2008_002936.png,_391.png
2008_008392.png,_392.png
2008_008393.png,_393.png
2007_001377.png,_394.png
2009_002445.png,_395.png
2008_000657.png,_396.png
2011_001069.png,_397.png
2008_006835.png,_398.png
2007_009245.png,_399.png
2010_000572.png,_4.png
2010_003473.png,_40.png
2010_001206.png,_400.png
2009_004738.png,_401.png
2009_004732.png,_402.png
2009_004730.png,_403.png
2010_004120.png,_404.png
2010_004697.png,_405.png
2007_007688.png,_406.png
2009_002594.png,_407.png
2009_002591.png,_408.png
2010_001376.png,_409.png
2011_000658.png,_41.png
2007_000572.png,_410.png
2007_009756.png,_411.png
2007_009750.png,_412.png
2009_005262.png,_413.png
2009_005260.png,_414.png
2010_001553.png,_415.png
2009_004994.png,_416.png
2009_004993.png,_417.png
2009_001160.png,_418.png
2008_006480.png,_419.png
2011_001708.png,_42.png
2011_003055.png,_420.png
2011_002509.png,_421.png
2008_000474.png,_422.png
2009_004848.png,_423.png
2007_000799.png,_424.png
2010_001151.png,_425.png
2008_004624.png,_426.png
2008_006130.png,_427.png
2008_005628.png,_428.png
2007_001423.png,_429.png
2011_001529.png,_43.png
2009_002928.png,_430.png
2007_003188.png,_431.png
2008_002240.png,_432.png
2008_002241.png,_433.png
2007_002852.png,_434.png
2007_006802.png,_435.png
2008_006008.png,_436.png
2007_008374.png,_437.png
2007_007534.png,_438.png
2010_000335.png,_439.png
2010_001830.png,_44.png
2008_006229.png,_440.png
2007_006241.png,_441.png
2009_002856.png,_442.png
2011_000238.png,_443.png
2011_000234.png,_444.png
2007_005915.png,_445.png
2007_002618.png,_446.png
2007_002619.png,_447.png
2007_005911.png,_448.png
2009_000989.png,_449.png
2009_004789.png,_45.png
2010_003231.png,_450.png
2007_005689.png,_451.png
2010_003239.png,_452.png
2011_000585.png,_453.png
2008_007194.png,_454.png
2007_008596.png,_455.png
2007_004405.png,_456.png
2011_000566.png,_457.png
2007_005460.png,_458.png
2008_001874.png,_459.png
2007_004190.png,_46.png
2007_005469.png,_460.png
2011_002279.png,_461.png
2011_001748.png,_462.png
2008_004575.png,_463.png
2011_001745.png,_464.png
2007_007524.png,_465.png
2011_001567.png,_466.png
2010_003947.png,_467.png
2010_003495.png,_468.png
2009_003523.png,_469.png
2007_004193.png,_47.png
2010_002017.png,_470.png
2009_004504.png,_471.png
2010_002546.png,_472.png
2009_004507.png,_473.png
2010_003547.png,_474.png
2009_004509.png,_475.png
2008_000271.png,_476.png
2008_000270.png,_477.png
2010_003541.png,_478.png
2010_003781.png,_479.png
2009_003564.png,_48.png
2011_000830.png,_480.png
2007_001568.png,_481.png
2011_001416.png,_482.png
2008_004363.png,_483.png
2008_004367.png,_484.png
2007_008973.png,_485.png
2010_005401.png,_486.png
2010_002305.png,_487.png
2007_007203.png,_488.png
2010_003168.png,_489.png
2009_003569.png,_49.png
2009_002320.png,_490.png
2008_002904.png,_491.png
2008_002900.png,_492.png
2010_005626.png,_493.png
2011_000900.png,_494.png
2009_003450.png,_495.png
2009_001333.png,_496.png
2008_000080.png,_497.png
2010_002161.png,_498.png
2007_001761.png,_499.png
2009_001300.png,_5.png
2008_003876.png,_50.png
2010_005531.png,_500.png
2007_001763.png,_501.png
2010_005245.png,_502.png
2010_005534.png,_503.png
2009_004721.png,_504.png
2010_002763.png,_505.png
2011_001984.png,_506.png
2009_005078.png,_507.png
2008_003135.png,_508.png
2009_001008.png,_509.png
2008_003874.png,_51.png
2009_003858.png,_510.png
2009_002584.png,_511.png
2009_003857.png,_512.png
2010_004757.png,_513.png
2007_009346.png,_514.png
2010_004208.png,_515.png
2011_002997.png,_516.png
2011_002993.png,_517.png
2007_009562.png,_518.png
2011_003011.png,_519.png
2010_003506.png,_52.png
2009_004987.png,_520.png
2010_001522.png,_521.png
2007_003991.png,_522.png
2008_006722.png,_523.png
2011_002515.png,_524.png
2007_008747.png,_525.png
2008_000464.png,_526.png
2008_005105.png,_527.png
2007_000783.png,_528.png
2007_009691.png,_529.png
2010_002900.png,_53.png
2011_003019.png,_530.png
2008_000469.png,_531.png
2009_004859.png,_532.png
2008_005633.png,_533.png
2010_000216.png,_534.png
2007_003201.png,_535.png
2007_003194.png,_536.png
2007_003195.png,_537.png
2009_002618.png,_538.png
2007_002824.png,_539.png
2008_008296.png,_54.png
2007_002823.png,_540.png
2008_002239.png,_541.png
2007_003841.png,_542.png
2008_000510.png,_543.png
2008_004172.png,_544.png
2007_003848.png,_545.png
2007_009764.png,_546.png
2008_001028.png,_547.png
2008_006219.png,_548.png
2007_002132.png,_549.png
2010_002902.png,_55.png
2008_006216.png,_550.png
2007_008415.png,_551.png
2007_003682.png,_552.png
2010_000110.png,_553.png
2011_000226.png,_554.png
2008_006108.png,_555.png
2007_002624.png,_556.png
2007_005074.png,_557.png
2008_007273.png,_558.png
2011_002040.png,_559.png
2008_008746.png,_56.png
2007_006076.png,_560.png
2011_002041.png,_561.png
2007_007818.png,_562.png
2007_007815.png,_563.png
2007_007810.png,_564.png
2011_000598.png,_565.png
2008_007677.png,_566.png
2011_001082.png,_567.png
2007_008980.png,_568.png
2009_004221.png,_569.png
2009_002568.png,_57.png
2009_000351.png,_570.png
2007_006678.png,_571.png
2008_000863.png,_572.png
2011_001775.png,_573.png
2009_000242.png,_574.png
2009_000354.png,_575.png
2011_000173.png,_576.png
2011_000178.png,_577.png
2009_000727.png,_578.png
2010_003956.png,_579.png
2007_001239.png,_58.png
2011_001793.png,_580.png
2011_001794.png,_581.png
2008_006526.png,_582.png
2010_006054.png,_583.png
2008_003511.png,_584.png
2008_004212.png,_585.png
2011_001313.png,_586.png
2010_003820.png,_587.png
2011_001421.png,_588.png
2011_000503.png,_589.png
2011_000874.png,_59.png
2010_001956.png,_590.png
2009_003193.png,_591.png
2008_004175.png,_592.png
2009_003196.png,_593.png
2011_002685.png,_594.png
2010_001951.png,_595.png
2010_002682.png,_596.png
2010_005433.png,_597.png
2010_005432.png,_598.png
2007_001175.png,_599.png
2008_007804.png,_6.png
2009_003304.png,_60.png
2007_008964.png,_600.png
2007_008339.png,_601.png
2007_001311.png,_602.png
2011_000912.png,_603.png
2010_005180.png,_604.png
2009_003991.png,_605.png
2010_005187.png,_606.png
2008_000673.png,_607.png
2008_000073.png,_608.png
2008_000075.png,_609.png
2010_001908.png,_61.png
2007_004121.png,_610.png
2007_009221.png,_611.png
2007_001774.png,_612.png
2010_002200.png,_613.png
2010_005501.png,_614.png
2009_002268.png,_615.png
2009_002265.png,_616.png
2010_005508.png,_617.png
2007_001408.png,_618.png
2010_001403.png,_619.png
2008_003499.png,_62.png
2007_001955.png,_620.png
2010_005762.png,_621.png
2009_003849.png,_622.png
2007_009592.png,_623.png
2008_000182.png,_624.png
2007_000559.png,_625.png
2010_005344.png,_626.png
2010_001313.png,_627.png
2007_008084.png,_628.png
2007_003051.png,_629.png
2008_003492.png,_63.png
2007_007795.png,_630.png
2007_000042.png,_631.png
2011_001880.png,_632.png
2010_001534.png,_633.png
2007_007168.png,_634.png
2011_003030.png,_635.png
2010_000918.png,_636.png
2009_002487.png,_637.png
2007_009687.png,_638.png
2007_009684.png,_639.png
2009_002366.png,_64.png
2008_005145.png,_640.png
2008_004995.png,_641.png
2010_004104.png,_642.png
2009_000096.png,_643.png
2008_001433.png,_644.png
2008_005642.png,_645.png
2009_004886.png,_646.png
2009_004882.png,_647.png
2008_007513.png,_648.png
2007_006866.png,_649.png
2010_005118.png,_65.png
2007_006864.png,_650.png
2010_000683.png,_651.png
2010_000682.png,_652.png
2009_001299.png,_653.png
2010_004369.png,_654.png
2007_007211.png,_655.png
2008_008711.png,_656.png
2009_000523.png,_657.png
2009_004084.png,_658.png
2007_006260.png,_659.png
2007_000837.png,_66.png
2008_004610.png,_660.png
2010_000666.png,_661.png
2008_002358.png,_662.png
2007_008222.png,_663.png
2008_005915.png,_664.png
2007_009911.png,_665.png
2007_006046.png,_666.png
2009_000412.png,_667.png
2010_004946.png,_668.png
2009_000418.png,_669.png
2010_004795.png,_67.png
2008_003777.png,_670.png
2009_001433.png,_671.png
2010_004815.png,_672.png
2011_000548.png,_673.png
2007_006680.png,_674.png
2010_003365.png,_675.png
2010_003362.png,_676.png
2008_000853.png,_677.png
2008_002588.png,_678.png
2007_006449.png,_679.png
2007_000830.png,_68.png
2007_006444.png,_680.png
2011_001161.png,_681.png
2009_003504.png,_682.png
2009_003507.png,_683.png
2009_003059.png,_684.png
2008_001580.png,_685.png
2011_002322.png,_686.png
2011_002327.png,_687.png
2008_000215.png,_688.png
2008_000213.png,_689.png
2007_000529.png,_69.png
2009_002165.png,_690.png
2010_003813.png,_691.png
2011_000780.png,_692.png
2010_003764.png,_693.png
2011_000789.png,_694.png
2010_003768.png,_695.png
2011_001434.png,_696.png
2010_002691.png,_697.png
2010_002693.png,_698.png
2008_004345.png,_699.png
2008_007378.png,_7.png
2010_005664.png,_70.png
2007_005331.png,_700.png
2010_005421.png,_701.png
2010_002361.png,_702.png
2010_005428.png,_703.png
2011_001546.png,_704.png
2011_001232.png,_705.png
2011_000969.png,_706.png
2011_000396.png,_707.png
2008_000666.png,_708.png
2008_000662.png,_709.png
2009_002415.png,_71.png
2008_000661.png,_710.png
2009_003273.png,_711.png
2007_004112.png,_712.png
2010_005992.png,_713.png
2010_005991.png,_714.png
2008_008051.png,_715.png
2007_000129.png,_716.png
2010_002988.png,_717.png
2010_005284.png,_718.png
2008_001629.png,_719.png
2011_002730.png,_72.png
2011_003145.png,_720.png
2011_003146.png,_721.png
2010_001327.png,_722.png
2010_004772.png,_723.png
2010_005606.png,_724.png
2010_004219.png,_725.png
2010_005353.png,_726.png
2010_004559.png,_727.png
2010_004556.png,_728.png
2010_004551.png,_729.png
2008_000602.png,_73.png
2010_004550.png,_730.png
2011_003003.png,_731.png
2011_002532.png,_732.png
2009_001663.png,_733.png
2008_001135.png,_734.png
2007_007493.png,_735.png
2010_000906.png,_736.png
2010_000907.png,_737.png
2010_000904.png,_738.png
2009_001108.png,_739.png
2009_002094.png,_74.png
2007_007651.png,_740.png
2010_000272.png,_741.png
2007_007470.png,_742.png
2007_007477.png,_743.png
2009_000732.png,_744.png
2009_000731.png,_745.png
2009_000730.png,_746.png
2009_004895.png,_747.png
2008_002212.png,_748.png
2008_007507.png,_749.png
2007_000636.png,_75.png
2009_004298.png,_750.png
2008_006055.png,_751.png
2008_000533.png,_752.png
2010_000874.png,_753.png
2009_000080.png,_754.png
2007_008430.png,_755.png
2009_004099.png,_756.png
2009_000087.png,_757.png
2007_006277.png,_758.png
2010_000679.png,_759.png
2009_002097.png,_76.png
2009_000641.png,_760.png
2009_002808.png,_761.png
2010_004951.png,_762.png
2009_001731.png,_763.png
2007_008547.png,_764.png
2007_008543.png,_765.png
2007_003957.png,_766.png
2008_005904.png,_767.png
2009_000391.png,_768.png
2009_000469.png,_769.png
2010_005206.png,_77.png
2010_004828.png,_770.png
2009_004140.png,_771.png
2011_002200.png,_772.png
2008_001821.png,_773.png
2007_002376.png,_774.png
2007_006698.png,_775.png
2008_000848.png,_776.png
2007_002378.png,_777.png
2007_005428.png,_778.png
2011_001159.png,_779.png
2010_001692.png,_78.png
2008_000992.png,_780.png
2009_003517.png,_781.png
2009_003043.png,_782.png
2007_008897.png,_783.png
2007_009068.png,_784.png
2007_005509.png,_785.png
2008_003577.png,_786.png
2008_003576.png,_787.png
2010_002512.png,_788.png
2007_000033.png,_789.png
2010_001699.png,_79.png
2010_003771.png,_790.png
2008_002680.png,_791.png
2008_002681.png,_792.png
2011_001447.png,_793.png
2008_003886.png,_794.png
2008_003885.png,_795.png
2009_003607.png,_796.png
2010_003597.png,_797.png
2010_002422.png,_798.png
2007_001154.png,_799.png
2007_002728.png,_8.png
2009_005038.png,_80.png
2007_008944.png,_800.png
2008_003976.png,_801.png
2010_003971.png,_802.png
2008_003210.png,_803.png
2010_005160.png,_804.png
2010_005166.png,_805.png
2011_001020.png,_806.png
2009_003466.png,_807.png
2009_003269.png,_808.png
2009_002390.png,_809.png
2008_005097.png,_81.png
2008_005727.png,_810.png
2009_002649.png,_811.png
2008_006874.png,_812.png
2008_008268.png,_813.png
2007_000332.png,_814.png
2011_002150.png,_815.png
2011_002156.png,_816.png
2010_002228.png,_817.png
2010_005706.png,_818.png
2010_005705.png,_819.png
2008_001640.png,_82.png
2008_008421.png,_820.png
2010_005709.png,_821.png
2008_005338.png,_822.png
2010_004763.png,_823.png
2008_008469.png,_824.png
2010_005366.png,_825.png
2007_001884.png,_826.png
2010_000065.png,_827.png
2010_004543.png,_828.png
2010_005013.png,_829.png
2008_005525.png,_83.png
2007_000061.png,_830.png
2009_005137.png,_831.png
2007_000847.png,_832.png
2011_002548.png,_833.png
2009_002732.png,_834.png
2008_005242.png,_835.png
2008_008682.png,_836.png
2009_002291.png,_837.png
2008_005245.png,_838.png
2010_004165.png,_839.png
2007_009015.png,_84.png
2007_003143.png,_840.png
2009_002527.png,_841.png
2009_000892.png,_842.png
2009_000723.png,_843.png
2008_002205.png,_844.png
2008_003379.png,_845.png
2007_006841.png,_846.png
2008_001013.png,_847.png
2010_004382.png,_848.png
2007_009794.png,_849.png
2008_000731.png,_85.png
2011_002498.png,_850.png
2007_007007.png,_851.png
2007_003367.png,_852.png
2008_004754.png,_853.png
2007_003499.png,_854.png
2008_004758.png,_855.png
2008_007797.png,_856.png
2009_001255.png,_857.png
2010_004941.png,_858.png
2008_002379.png,_859.png
2010_005063.png,_86.png
2008_007402.png,_860.png
2010_000724.png,_861.png
2007_003786.png,_862.png
2010_000241.png,_863.png
2007_008204.png,_864.png
2008_001308.png,_865.png
2007_002565.png,_866.png
2009_000387.png,_867.png
2008_004687.png,_868.png
2008_003155.png,_869.png
2008_008127.png,_87.png
2009_001411.png,_870.png
2011_002308.png,_871.png
2010_005252.png,_872.png
2011_000526.png,_873.png
2011_000521.png,_874.png
2010_003468.png,_875.png
2009_000074.png,_876.png
2011_000412.png,_877.png
2011_000419.png,_878.png
2011_000638.png,_879.png
2010_001768.png,_88.png
2009_003071.png,_880.png
2008_000239.png,_881.png
2008_000943.png,_882.png
2008_000233.png,_883.png
2009_004540.png,_884.png
2008_000234.png,_885.png
2009_004125.png,_886.png
2010_003746.png,_887.png
2010_003293.png,_888.png
2010_000159.png,_889.png
2010_004337.png,_89.png
2008_001491.png,_890.png
2007_005354.png,_891.png
2010_003123.png,_892.png
2008_002942.png,_893.png
2007_005358.png,_894.png
2010_002348.png,_895.png
2007_001630.png,_896.png
2010_005174.png,_897.png
2009_003494.png,_898.png
2009_003498.png,_899.png
2009_000121.png,_9.png
2008_003270.png,_90.png
2009_003703.png,_900.png
2009_003707.png,_901.png 
2009_002382.png,_902.png
2010_001851.png,_903.png
2007_000323.png,_904.png
2010_002232.png,_905.png
2010_005575.png,_906.png
2008_001546.png,_907.png
2008_001547.png,_908.png
2009_003387.png,_909.png
2010_001767.png,_91.png
2007_001526.png,_910.png
2007_001457.png,_911.png
2007_000925.png,_912.png
2010_001292.png,_913.png
2010_005718.png,_914.png
2010_005719.png,_915.png
2007_001458.png,_916.png
2007_009096.png,_917.png
2009_003810.png,_918.png
2009_004942.png,_919.png
2010_001563.png,_92.png
2010_001079.png,_920.png
2010_001820.png,_921.png
2007_009521.png,_922.png
2009_005148.png,_923.png
2010_001070.png,_924.png
2009_002727.png,_925.png
2008_001150.png,_926.png
2009_003928.png,_927.png
2007_009413.png,_928.png
2008_005254.png,_929.png
2007_003137.png,_93.png
2007_009419.png,_930.png
2010_004628.png,_931.png
2010_001451.png,_932.png
2008_006784.png,_933.png
2009_000716.png,_934.png
2007_007109.png,_935.png
2010_000814.png,_936.png
2011_002951.png,_937.png
2007_003020.png,_938.png
2007_003022.png,_939.png
2007_003134.png,_94.png
2007_003373.png,_940.png
2009_000664.png,_941.png
2010_003127.png,_942.png
2009_001718.png,_943.png
2009_001240.png,_944.png
2011_003205.png,_945.png
2008_005676.png,_946.png
2009_001391.png,_947.png
2008_001379.png,_948.png
2009_000919.png,_949.png
2007_007165.png,_95.png
2008_006325.png,_950.png
2010_004348.png,_951.png
2008_006327.png,_952.png
2007_003571.png,_953.png
2008_003782.png,_954.png
2008_003076.png,_955.png
2010_001656.png,_956.png
2007_001678.png,_957.png
2008_003141.png,_958.png
2011_000310.png,_959.png
2007_003131.png,_96.png
2011_000312.png,_960.png
2008_006528.png,_961.png
2008_006523.png,_962.png
2008_006254.png,_963.png
2010_001557.png,_964.png
2011_000536.png,_965.png
2011_002223.png,_966.png
2008_005812.png,_967.png
2008_007123.png,_968.png
2007_002427.png,_969.png
2007_008708.png,_97.png
2007_002426.png,_970.png
2008_002775.png,_971.png
2008_002778.png,_972.png
2007_009897.png,_973.png
2009_002651.png,_974.png
2011_002317.png,_975.png
2010_002531.png,_976.png
2007_005294.png,_977.png
2007_005296.png,_978.png
2010_002536.png,_979.png
2010_000961.png,_98.png
2009_004579.png,_980.png
2010_002538.png,_981.png
2008_000223.png,_982.png
2010_003758.png,_983.png
2011_001047.png,_984.png
2007_004902.png,_985.png
2011_001669.png,_986.png
2008_001971.png,_987.png
2009_003666.png,_988.png
2011_001665.png,_989.png
2007_009655.png,_99.png
2008_004339.png,_990.png
2011_002002.png,_991.png
2008_002958.png,_992.png
2010_003132.png,_993.png
2011_001597.png,_994.png
2011_001263.png,_995.png
2009_003063.png,_996.png
2010_003912.png,_997.png
2009_003065.png,_998.png
2010_005496.png,_999.png
2008_007836.png,_336.png
2008_000501.png,_1078.png
2007_006549.png,_1322.png
2010_004662.png,_1354.png
